ディノスパーク伊達店,北海道伊達市末永町66番地1号
ＢＩＧＢＡＮＧ函館,北海道函館市梁川町９−３テキサスビル３Ｆ
ラウンドワン函館店,北海道函館市西桔梗町８４８−１１
ＢＩＧＢＡＮＧ北見店,北海道北見市中央三輪7丁目４４６−１
ディノスパーク北見店,北海道北見市西三輪5丁目1番地16号
タイトーステーション 千歳店,北海道千歳市北栄２−１２−５
イオン千歳　キッズパーク,北海道千歳市栄町６−６１
アピナ新千歳空港店,北海道千歳市美々1292番地33新千歳空港国内線旅客ﾀｰﾐﾅﾙﾋﾞﾙ4F
アミューズメントスペース遊ランド士別,北海道士別市大通東８
ＢＩＧＢＡＮＧ室蘭,北海道室蘭市中島本町２−８−１
ディノスパーク室蘭,北海道室蘭市東町4丁目31番2号 1階
遊ランド富良野店,北海道富良野市弥生町５番５０号
ｎａｍｃｏウイングベイ小樽店,北海道小樽市築港１１−５ウィングベイ小樽５番街３階
イオン岩見沢　キッズ・パーク,北海道岩見沢市大和4条8
ディノスパーク帯広,北海道帯広市白樺16条西2丁目 ﾄﾞﾘｰﾑﾀｳﾝ白樺 1階
ディノスパーク帯広稲田,北海道帯広市稲田町南八線西12番地1 ｽｽﾞﾗﾝﾎﾞｳﾙ 1、2階
キャッツアイ恵庭店,北海道恵庭市住吉町２丁目９−１
キャッツアイ静内店,北海道日高郡新ひだか町静内木場町２丁目１−４１
ディノスパーク旭川,北海道旭川市大雪通5丁目496番地5号 1階
ソユーゲームフィールド旭川駅前店,北海道旭川市宮下通７−２−５ｲｵﾝﾓｰﾙ旭川駅前４F
アミューズメントスペース遊ランド春光店,北海道旭川市春光1条7丁目2-25
ラウンドワン旭川店,北海道旭川市永山三条１−４−７
SOYUGameField旭川西店,北海道旭川市緑町23-2161-3イオンモール旭川西3F
遊ランド西御料店,北海道旭川市西御料５条２丁目
namco札幌エスタ店,北海道札幌市中央区北5条西2-1-1札幌エスタ9F
ラウンドワン札幌すすきの店,北海道札幌市中央区南五条西3-6-1
タイトーステーション 札幌狸小路２丁目店,北海道札幌市中央区南３条西２丁目−１４
マキシム・ヒーロー,北海道札幌市北区北六条西6丁目1-2
キャッツアイ新川店,北海道札幌市北区新川二条7丁目1-7
キャッツアイ篠路店,北海道札幌市北区篠路1条4丁目6-30
ゲームランド新さっぽろ,北海道札幌市厚別区中央２条５丁目７−３ カテプリさっぽろ３階
キャッツアイ新札幌店,北海道札幌市厚別区厚別東五条1-1-10
ディノスパーク札幌手稲,北海道札幌市手稲区前田1条11丁目 西友手稲店 3階
キャッツアイ手稲店,北海道札幌市手稲区前田３条１０丁目２−２１
ラウンドワン札幌北２１条店,北海道札幌市東区北二十一条東１−１−２１
アドアーズ札幌北４２条,北海道札幌市東区北４２条東７−１−１　嶋ビル２階
ソユーゲームフィールド苗穂店,北海道札幌市東区東苗穂2条3-1-1　イオンモール札幌苗穂２Ｆ
キャッツアイ東苗穂店,北海道札幌市東区東苗穂6条2丁目1-25
キャッツアイ清田店,北海道札幌市清田区清田１条１−２０−１
ベガジオ美しが丘店,北海道札幌市清田区美しが丘１条　７−６−１０
ラウンドワン札幌白石本通店,北海道札幌市白石区本通１６丁目北１−５０
キャッツアイ栄通店,北海道札幌市白石区栄通19丁目11-43
ソユーゲームフィールド発寒,北海道札幌市西区発寒8条12丁目1-1イオン札幌発寒SC3F
プラボ札幌西町店（ワンダーシティ札幌）,北海道札幌市西区西町北13丁目1番(旧国道五号線沿い)
キャッツアイミュンヘン大橋店,北海道札幌市豊平区平岸１条２３丁目８０１−１
イオン根室アミューズメントランド,北海道根室市常磐町3-9
モーリーファンタジー中標津,北海道標津郡中標津町南町３番地１０　東武サウスヒルズ
ＰＡＬＯ江別,北海道江別市幸町35　3F
ディノスパーク音更,北海道河東郡音更町木野大通西15丁目2番地12ﾋﾞｯｸﾞﾏｰﾄB棟
ＢＩＧＢＡＮＧ滝川,北海道滝川市東町１−８−１４
ＰＡＬＯ滝川,北海道滝川市東町２丁目２９−１　イオン滝川１Ｆ
ＰＡＬＯ網走,北海道網走市駒場北５丁目８３番地
ファンタジープラザ苫小牧,北海道苫小牧市木場町1-6-1MEGAドンキホーテ苫小牧2F
ディノスパーク苫小牧,北海道苫小牧市柳町3丁目1番20号 ｲｵﾝﾓｰﾙ苫小牧 2階
ＰＡＬＯ苫小牧,北海道苫小牧市糸井１３５−１トライアルG棟トライアル苫小牧店
タイトーイオンモール釧路昭和店,北海道釧路市昭和中央４−１８−１　イオンモール釧路昭和２Ｆ
ＢＩＧＢＡＮＧ釧路,北海道釧路郡釧路町木場２−１
ＰＡＬＯ釧路,北海道釧路郡釧路町桂木１−１−７　イオン釧路店２F
ゲームランドつがる柏店,青森県つがる市柏稲盛幾世41イオンモールつがる柏2F
ＰＡＬＯむつ,青森県むつ市中央２−７−８　１Ｆ
ユーズランド下田店,青森県上北郡おいらせ町中野平４０−１イオンモール下田１Ｆ
ｎａｍｃｏエルムの街ショッピングセンター,青森県五所川原市大字唐笠柳字藤巻517-1ｴﾙﾑの街SC　本棟2階
ＰＡＬＯ五所川原,青森県五所川原市大字唐笠柳字藤巻６４１番１　アクロスプラザ
タイトーＦステーション八戸店,青森県八戸市三日町２７
セガ八戸,青森県八戸市城下4-25-14
ファンタジードーム八戸,青森県八戸市江陽２−１４−１
ソユーゲームフィールド八戸店,青森県八戸市沼館4-7-112八戸ピアドゥＢ棟2F
ゆりの木ボウル,青森県八戸市鷹匠小路１０
ソユースペースファンタジーインフィニ,青森県弘前市城東北３−１０−１さくら野百貨店弘前店４Ｆ
セガ弘前,青森県弘前市末広1-3-3
ゲームフェスタミタマ店,青森県弘前市駅前町5-5
青森メトロポリス,青森県青森市三好1-15-8
ソユーゲームフィールド青森店,青森県青森市浜田1-14-1イトーヨーカドー青森店2F
ラウンドワン青森店,青森県青森市浜田３−１−１
ＢＩＮＧＯ一関,岩手県一関市山目字中野９２−１
ＰＡＬＯ久慈,岩手県久慈市長内町第３０地割３２−２久慈SC１F
チャットタウン北上店,岩手県北上市北鬼柳１９地割６８番地　江釣子ＳＣパル２Ｆ
アミューズメントゾーン北上店,岩手県北上市本通2-2-1さくら野北上店4F
MS北上店,岩手県北上市村崎野14-68-32
Ｇ３ポロスイオンタウン北上店,岩手県北上市里分四地割２０番地１
セガ水沢,岩手県奥州市水沢区佐倉河字鎧田4-1
テクノワールド,岩手県奥州市江刺区愛宕字梁川127-1
タイトーステーション 盛岡マッハランド店,岩手県盛岡市上堂１−２−３８マッハランド内
ゲームランド盛岡店,岩手県盛岡市前潟４−７−１イオンモール盛岡２Ｆ
サンシャイン,岩手県盛岡市大通２ー７ー２１ジュリアンビル１階
ソユーゲームフィールド盛岡南,岩手県盛岡市本宮7-1-1ｲｵﾝﾓｰﾙ盛岡南1F
ラウンドワン盛岡店,岩手県盛岡市盛岡駅西通２−１０−３５
ソユーファミリーゲームフィールド花巻店,岩手県花巻市高木第１６地割６８−６　銀河モール１Ｆ
ソユーゲームフィールド釜石店,岩手県釜石市港町２−１−１イオンタウン釜石店３F
MS仙台南店,宮城県仙台市太白区中田町杉の下34
タイトーステーション 仙台ベガロポリス店,宮城県仙台市太白区西多賀５−２４−１ベガロポリス内
ゲームフィールド仙台長町店,宮城県仙台市太白区長町７丁目２０番３号ザ・モール仙台長町店３階
THE 3RD PLANET BiVi仙台店,宮城県仙台市宮城野区榴岡2-1-25
セガ仙台コロナワールド,宮城県仙台市宮城野区福室字田中前1番53-1
ラウンドワン仙台苦竹店,宮城県仙台市宮城野区苦竹１−７−１０
スーパーノバイオン仙台中山,宮城県仙台市泉区南中山１−３５−５７別館３Ｆ
ＧＡＭＥＢＡＮＫ仙台泉店,宮城県仙台市泉区大沢２−５−４
ビーカム松森店,宮城県仙台市泉区松森字斎兵衛５８−１
ゲームコーナー東部,宮城県仙台市若林区六丁の目中町26-60 斎喜東部ビル2F
仙台レジャーランド一番町店,宮城県仙台市青葉区一番町4-3-27ガリレア一番町ビル1Ｆ〜3Ｆ
タイトーステーション 仙台名掛丁店,宮城県仙台市青葉区中央１−７−１３
タイトーステーション 仙台クリスロード店,宮城県仙台市青葉区中央２−３−２５
セガ仙台,宮城県仙台市青葉区中央２−５−５
プレイランドエフワンＲ,宮城県仙台市青葉区中央２−６−６タベイビルＢ１Ｆ
namcoイオンモール名取店,宮城県名取市杜せきのした5-3-1イオンモール名取2F
セガ名取セッツウイングス,宮城県名取市飯野坂字土城堀57-1
ＭＳ多賀城店,宮城県多賀城市明月1-168-1
セガワールド古川,宮城県大崎市古川城西15
ＳＯＹＵ　ＧＡＭＥ　ＦＩＥＬＤ古川店,宮城県大崎市古川沢田字筒場浦１５番地イオンタウン古川内
スーパーノバ仙台利府,宮城県宮城郡利府町加瀬字新前谷地５５−１
アミューズメントパークサムワン,宮城県柴田郡村田町沼辺時牡丹山４２−１
ロードインオアシス高清水店,宮城県栗原市高清水大沢１−１
遊楽館ジョイフル,宮城県気仙沼市田中前３−８−１２
ゲームランド佐沼店,宮城県登米市南方町新島前４６−１イオンタウン佐沼ＳＣ
セガワールド佐沼,宮城県登米市迫町佐沼字中江2-5-8
セガワールド石巻,宮城県石巻市大街道東4-1-45
プラサカプコン石巻店,宮城県石巻市茜平4丁目104番地 ｲｵﾝ石巻ｼｮｯﾋﾟﾝｸﾞｾﾝﾀｰ2F
リスチャイルドたかのす店,秋田県北秋田市栄字中綱31-1イオンタウンたかのす店内
ゲームフィールド鷹巣店,秋田県北秋田市栄字前綱76　いとく鷹巣SC内
ＡＮ・ＫＩＮ・ＴＡＮ五城目店,秋田県南秋田郡五城目町大字大川西野字田屋前138ｲｵﾝSUC五城店
プラサカプコン大曲店,秋田県大仙市和合字坪立１７７イオン大曲ＳＣ２Ｆ
メルヘンランド大館,秋田県大舘市御成町3-7-58いとく大館3F
ｎａｍｃｏイオンタウン大館西店,秋田県大館市根下戸新町18-121イオンタウン大館西内
ゲームフィールド十文字店,秋田県横手市十文字町仁井田字東22-1スーパーモールラッキー内
G3ポロス横手南店,秋田県横手市婦気大堤字中田4-1ｲｵﾝｽｰﾊﾟｰｾﾝﾀｰ横手南店2階
リスチャイルド湯沢店,秋田県湯沢市字上萩生田162イオンスーパーセンター湯沢店内
リスチャイルド本荘店,秋田県由利本荘市石脇字田中138SC本荘店内
ペニーポット秋田,秋田県秋田市中通2-8-1フォンテ秋田4F
秋田ＯＰＡアミューズパーク,秋田県秋田市千秋久保田町４−２秋田ＯＰＡ内
ラウンドワン秋田店,秋田県秋田市卸町１−１−２
ロックンボウル,秋田県秋田市広面字長沼３０１
SOYUGameField御所野店,秋田県秋田市御所野地蔵田1-1-1イオンモール秋田2F
セガ秋田,秋田県秋田市茨島1-1-16
プレイランドソピアいとくアクロス能代店,秋田県能代市字寺向70いとくアクロス能代店内
スーパーノバ天童,山形県天童市南町1-5-26
ソユーゲームフィールド天童店,山形県天童市芳賀タウン北４−１−１ イオンモール天童２Ｆ
フローラ・SAGAEゲームコーナー,山形県寒河江市本町２−８−３
ゲームゾーントレジャー吉原店,山形県山形市前明石１３５２−５ゲームプラザＢＥ・ＩＮ２内１F
セガワールド北山形,山形県山形市北町1-3-20
スタジオプリモ山形店,山形県山形市城南町１−１−１　霞城セントラル２Ｆ
パルケ・デ・アミーゴ！山形店,山形県山形市嶋北１−３−１
ビーカム成沢店,山形県山形市成沢西５−３−２７
トレジャー新庄店,山形県新庄市金沢沖１０６８
ソユーゲームフィールド三川店,山形県東田川郡三川町大字猪子字和田庫１２８−１イオン三川１Ｆ
セガ庄内,山形県東田川郡三川町猪字大堰端３２６番地６
セガ米沢,山形県米沢市大字花沢字タナコ原177
モーリーファンタジー米沢,山形県米沢市春日2-13-4　2F
ＮＥＸＴ・ＯＮＥ米沢店,山形県米沢市金池5丁目3-18
アピナ鶴岡店,山形県鶴岡市文下字広野１−１
ドリームファクトリーいわき店,福島県いわき市中央台飯野4-1
セガワールド勿来,福島県いわき市勿来町四沢字鍵田13
嶺宝スポーツセンター,福島県いわき市小名浜住吉折返２−２
ソユーゲームフィールド小名浜店,福島県いわき市小名浜字辰巳町７９イオンモールいわき小名浜３Ｆ
セガ小名浜,福島県いわき市小名浜林城字塚前18-1
モーリーファンタジーいわき,福島県いわき市平字三倉６８−１イオン３Ｆ
プレビ　イトーヨーカ堂平店,福島県いわき市平６−６−２イトーヨーカドー平店内
プレビ　鹿島エブリア店,福島県いわき市鹿島町米田字日渡5 鹿島エブリア店2階
スーパーノバ会津インター,福島県会津若松市町北町上荒久田字宮下１４２
G3ポロス原町店,福島県南相馬市原町区北原本屋敷188
ＰＡＬＯ喜多方,福島県喜多方市字押切南２−４２−１リオンドールガーデンＳＱ内
セガワールド白河,福島県白河市新高山1-1 メガステージ白河内
ラウンドワン福島店,福島県福島市太田町14-18
セガワールド福島,福島県福島市本内中井1-2
THE 3RD PLANET ピボット福島店,福島県福島市栄町1-1 パワーシティーピボット内
スーパーノバ福島,福島県福島市黒岩字中島7-2
ゲームスペースA-3,福島県西白河郡西郷村字豊作西15-16-17
タイトーアミューズメントシティ郡山,福島県郡山市南2-38　フレスポ郡山内
ラウンドワン郡山店,福島県郡山市向河原町４−５５
アミューズパーク郡山,福島県郡山市安積町日出山2丁目80
タイトーＦ郡山オリエントパーク店,福島県郡山市安積町荒井字大久保３５−１
セガ日和田,福島県郡山市日和田町字西中島7-1
ｎａｍｃｏイオンタウン郡山店,福島県郡山市松木町２−８８イオンタウン郡山内
ゲームプラザＡＧＳ,福島県郡山市西ノ内２−１１−４０イトーヨーカドー郡山店４Ｆ
ＳＯＹＵ　Ｅ−ＳＴＵＤＩＯ須賀川店,福島県須賀川市古河１０５イオンタウン須賀川Ｂ棟内
ピンクパンサーつくばみらい店,茨城県つくばみらい市陽光台1-14-1
namco iiasつくば店,茨城県つくば市研究学園5-19　iiasつくば店2F2190
ｎａｍｃｏイオンモールつくば店,茨城県つくば市稲岡66-1ｲｵﾝﾓｰﾙつくば店3F
アミューズメントジャムジャムつくば店,茨城県つくば市竹園1-9-2デイズタウンつくばB1F
アミューズビバ,茨城県ひたちなか市東大島２−１１−１１
ＡＭジャムジャムひたちなか本店,茨城県ひたちなか市田中後４０−２
ピンクパンサー下妻店,茨城県下妻市小島884-10
モーリーファンタジー下妻,茨城県下妻市掘籠９７２−１イオン下妻店2F
ＧＡＭＥ ＰＡＤＤＯＣＫ＋１,茨城県古河市小堤１９１６−１
ＦＥＳＴＡ古河店,茨城県古河市松並２−１８−１０マーケットシティ古河
楽市楽座イオンモール土浦店,茨城県土浦市上高津３６７イオンモール土浦ＳＣ３階
ゲームパニックつくば,茨城県土浦市中村東1-1-1サンタスワールド内
ピンクパンサー土浦店,茨城県土浦市木田余４５８５−３
タイトーＦステーションヨークタウン坂東店,茨城県坂東市辺田１１０４番地１
ＳＯＹＵ　ＴＯＹ’Ｓ　ＮＹ　守谷店,茨城県守谷市百合ヶ丘3-249-1　イオンタウン守谷2Ｆ
プレビ　イトーヨーカ堂日立店,茨城県日立市幸町１−１６−１イトーヨーカドー日立店５階
ピンクパンサー日立店,茨城県日立市東多賀町5-10-10
セガワールド日立,茨城県日立市田尻町3-26-1
タイトーステーション水戸南店,茨城県東茨城郡茨城町長岡３４８０−１０１
ユーズランド水戸内原店,茨城県水戸市内原２−１イオンモール水戸内原２Ｆ
セガ水戸南,茨城県水戸市千波町２０１７−１
プレビ　水戸オーパ店,茨城県水戸市宮町1-7-33水戸オーパ7階
セガ水戸,茨城県水戸市宮町1-7-44コムボックス310
スタジオプリモ水戸店,茨城県水戸市宮町１−２−４マイム１F
ピンクパンサー水戸赤塚店,茨城県水戸市河和田1-1
ピンクパンサー水戸けやき台店,茨城県水戸市酒門町3276-1
ドリームファクトリーブイブイ！堺町店,茨城県猿島郡境町１３２７−１ＭＧＭパワーセンター内１Ｆ
セガ石岡,茨城県石岡市東大橋中峯1976-1
アミューズメントジャムジャム神栖店,茨城県神栖市神栖1-8-1
セガ霞ヶ浦,茨城県稲敷市西代1473-1
ピンクパンサー友部店,茨城県笠間市住吉1364-1
アピナ下館店,茨城県筑西市玉戸１０１２−３
フリスポ,茨城県筑西市神分472
ピンクパンサー結城店,茨城県結城市結城10520-1
ピンクパンサー那珂店,茨城県那珂市菅谷1593-8
宝島鹿嶋店,茨城県鹿嶋市宮中290-1ショッピングセンターチェリオ1F
セガ龍ケ崎,茨城県龍ケ崎市藤ケ丘4-2-8
ＰＡＬＯ石橋,栃木県下野市下古山３３６２−１ヨークタウン
namcoフェドラP&D佐野店,栃木県佐野市高萩町１３４０
INTER PARK+1宇都宮,栃木県宇都宮市インターパーク６−５−１
テクモピアパルテロン宇都宮店,栃木県宇都宮市今泉町２３７福田屋ＳＰ宇都宮２Ｆ
スタジオプリモ宇都宮店,栃木県宇都宮市曲師町2-8宇都宮フェスタ1F
セガワールド宇都宮,栃木県宇都宮市東宿郷5-1-7
ラウンドワン宇都宮店,栃木県宇都宮市江曽島町２０７２−１
シーサイドリゾートアミューズメントパーク,栃木県宇都宮市睦町７−３
ゲーム＆ビリヤード　遊ｉｎｇ,栃木県宇都宮市石井町下平出境2707-4
ナムコプラボ宇都宮店,栃木県宇都宮市簗瀬町１６０６−１　Ｐ＆Ｄビル
タイトーステーション 宇都宮ベルモール店,栃木県宇都宮市陽東６−２−１ベルモール内２Ｆ
TFSトナリエ宇都宮,栃木県宇都宮市駅前通り１丁目４番６号トナリエ宇都宮
ｎａｍｃｏロブレ小山店,栃木県小山市中央町３−７−１　ロブレ小山内４階＆５階
タイトーＦステーション小山店,栃木県小山市喜沢1475ハーヴェストウォーク内スポーツシネマ棟
タイトーＦステーションVAL小山,栃木県小山市城山町３丁目３番地２２号
セガ小山,栃木県小山市東城南1-1-18
アピナ小山店,栃木県小山市駅南町４−２７−１８
セガ今市,栃木県日光市芹沼1448-1
ラウンドワン栃木・樋ノ口店,栃木県栃木市樋ノ口町５５−１
ｎａｍｃｏイオン栃木店,栃木県栃木市箱森町３７−９イオン栃木内２階
ドラマ足利店,栃木県足利市朝倉町244-1
大田原スポーツランド,栃木県那須塩原市一区町１０４−６０
セガ西那須野,栃木県那須塩原市南郷屋2-106-27
ドリームファクトリーアロハ！鹿沼店,栃木県鹿沼市睦町２８７−１
インターワールド伊勢崎店,群馬県伊勢崎市宮子町3425-4
セガスマーク伊勢崎,群馬県伊勢崎市小保方町３６８番地スマーク伊勢崎３Ｆ北−３０２
群馬レジャーランド伊勢崎店,群馬県伊勢崎市連取町3066-1
ゲームパークＭ１,群馬県前橋市国領町２−１３−６
ゲームシティボストン,群馬県前橋市大友町3-7-3
ラウンドワン前橋店,群馬県前橋市天川大島町１１０１−１
マトリクス前橋,群馬県前橋市小相木町５５８−１
ｎａｍｃｏけやきウォーク前橋,群馬県前橋市文京町２−１−１けやきウォーク前橋2F
アピナ太田店,群馬県太田市内ケ島町９０７−１
プレビ　ニコモール新田店,群馬県太田市新田市野井町５９２−１３ニコモール新田店内
ユーズランド太田店,群馬県太田市石原町８１番地イオンモール太田２Ｆ
群馬レジャーランド太田店,群馬県太田市西矢島町162-2
セガワールド太田,群馬県太田市西矢島町575-1
宝島　桐生店,群馬県桐生市永楽町５−１０ＭＥＧＡドン・キホーテ桐生店３Ｆ
セガワールド沼田,群馬県沼田市下久屋町1100-1
群馬レジャーランド渋川店,群馬県渋川市八木原1364
群馬レジャーランド藤岡店,群馬県藤岡市中2002-1
プレビ　ジョイフル本田千代田,群馬県邑楽郡千代田町萱野８１３−１ジョイフル本田千代田店内２Ｆ
セガワールド館林,群馬県館林市小桑原町949-1
関東スポーツセンター,群馬県館林市近藤８４０
THE 3RD PLANET 高崎店,群馬県高崎市下和田町5-3-8 メディアメガ高崎内
ユーズランド高崎店,群馬県高崎市棟高町１４００番地イオンモール高崎２Ｆ
群馬レジャーランド高崎駅東口店,群馬県高崎市江木町３３３−１高崎ＥＸビル
セガ与野,埼玉県さいたま市中央区本町西5-2-9イオンモール与野3F
Ｓｐｉｃａ大宮南銀店,埼玉県さいたま市大宮区仲町1-57
アピナ大宮店,埼玉県さいたま市大宮区仲町１−１９
タイトーステーション 大宮店,埼玉県さいたま市大宮区大門町１−１
ラウンドワン大宮店,埼玉県さいたま市大宮区宮町４−９０−７
タイトーＦステーションダイエー大宮店,埼玉県さいたま市大宮区桜木町２丁目３番地
ウェアハウス岩槻店,埼玉県さいたま市岩槻区加倉３−３−６３
アミューズメントクラブ浦和,埼玉県さいたま市浦和区仲町1-10-7
宝島　浦和美園店,埼玉県さいたま市緑区美園５−５０−１イオンモール浦和美園２Ｆ
ウェアハウス三橋店,埼玉県さいたま市西区三橋６−９５５−１
アミューズメントフィールドバイヨン,埼玉県ふじみ野市うれし野２−１６−１LCモールうれし野２Ｆ
ＰＡＬＯ埼玉大井,埼玉県ふじみ野市西鶴ケ丘１丁目３番１５号ビバモール埼玉大井２Ｆ
ゲームパニック三郷,埼玉県三郷市ピアラシティ1-1-200
ラウンドワンららぽーと新三郷店,埼玉県三郷市新三郷ららシティ3-1-1ららぽーと新三郷2F20000番
ウェアハウス上尾店,埼玉県上尾市二ツ宮１０４４
プレビ　アリオ上尾店,埼玉県上尾市大字壱丁目367番地アリオ上尾店内２階龍宮ガーデン
ラウンドワン上尾店,埼玉県上尾市大字平塚９１７−１
ＦＥＳＴＡ上尾店,埼玉県上尾市愛宕３−１−４０バリュープラザ上尾愛宕店２Ｆ
アピナ上尾店,埼玉県上尾市緑丘３−３−１１−２　Ｐ・Ａ・Ｐ・Ａ上尾ＳＣ別棟
ラウンドワンさいたま・栗橋店,埼玉県久喜市小右衛門１９２−１
プレイランド菖蒲店,埼玉県久喜市菖蒲町菖蒲６００５番地１　モラージュ菖蒲３Ｆ
キャロム栗橋店,埼玉県久喜市高柳田中１７４１−３
ラウンドワンさいたま・上里店,埼玉県児玉郡上里町大字金久保３９４−１
ラウンドワン入間店,埼玉県入間市小谷田３−７−２５
セガ入間,埼玉県入間市東藤沢2-18
THE 3RD PLANET フレスポ八潮店,埼玉県八潮市大瀬1-1-3 フレスポ八潮3F
ビッグボウル杉戸,埼玉県北葛飾郡杉戸町大字杉戸２３３８
タイトーステーション 和光店,埼玉県和光市丸山台１−４−５
アドアーズ和光,埼玉県和光市本町３−５
キャロム坂戸店,埼玉県坂戸市関間2-151-1
セガららぽーと富士見,埼玉県富士見市山室1-1313 ららぽーと富士見3F
ソユーゲームフィールド川口店,埼玉県川口市並木元町１−７９　アリオ川口３Ｆ
楽市楽座イオンモール川口前川店,埼玉県川口市前川1-1-11イオンモール川口前川店3F
アミュージアム川口店,埼玉県川口市本町２−７−２５ミエルかわぐち３Ｆ
セガ川口,埼玉県川口市東領家2-2-10
ゲームシティ川口店,埼玉県川口市栄町1-10-5
シルクハット　川口,埼玉県川口市栄町３−１−１６イート川口ビル４Ｆ
ＨＯＵＳＴＯＮ西川口店,埼玉県川口市西川口1-6-3西川口ビル1F
ベネクス川越店,埼玉県川越市大仙波340-1
アミューズランドモナコ川越店,埼玉県川越市新富町2-4-1
埼玉レジャーランド川越店,埼玉県川越市新富町１−１７−４
アピナ川越店,埼玉県川越市泉町１−１　ウニクス南古谷シネマ棟１Ｆ
ギガステーション戸田店,埼玉県戸田市大字美女木943-7
ｎａｍｃｏイオンモール北戸田店,埼玉県戸田市美女木東１−３−１ｲｵﾝﾓｰﾙ北戸田ｼｮｯﾋﾟﾝｸﾞｾﾝﾀｰ内3F
キャロム所沢店,埼玉県所沢市下安松969-1
スクウェアワンサイスポ店,埼玉県所沢市南永井1116
セガ所沢,埼玉県所沢市日吉町8-1
タイトーステーション 所沢店,埼玉県所沢市日吉町３−７
ユーズランド春日部店,埼玉県春日部市下柳４２０−１イオンモール春日部２Ｆ
アドアーズ春日部,埼玉県春日部市中央１−８−１５　春日部セントラル１〜２階
埼玉レジャーランド春日部店,埼玉県春日部市大字増富字谷際163-1
ラウンドワン朝霞店,埼玉県朝霞市膝折町２−１６−１０
ムー大陸本庄店,埼玉県本庄市本町1019-1
スイーツファンタジーパックン東松山店,埼玉県東松山市あずま町４丁目３番地ピオニウォーク東松山店2F
小川ヤングボウル,埼玉県比企郡小川町青山７４９
嵐山ドライブイン,埼玉県比企郡嵐山町大字志賀1822
セガ花園,埼玉県深谷市荒川359
モンテカルロ,埼玉県深谷市西島３−１−２
ＰＡＬＯ熊谷,埼玉県熊谷市本石２−１３５
セガワールド籠原,埼玉県熊谷市美土里町1-169
ＳＯＹＵＧａｍｅＦｅｉｌｄ熊谷,埼玉県熊谷市銀座2-245ﾆｯﾄﾓｰﾙ4F
ｎａｍｃｏ熊谷店,埼玉県熊谷市銀座2-97
キャッツアイ狭山店,埼玉県狭山市入間川３１４１
矢尾ゲームコロニー,埼玉県秩父市上町１−５−９八尾百貨店５階
プラサカプコン羽生店,埼玉県羽生市川崎２−２８１−３イオンモール羽生２階
ゲームファクトリーマグマ草加店,埼玉県草加市氷川町2125-1
ウェアハウス草加店別館,埼玉県草加市稲荷２−３６−３３
ラウンドワン草加店,埼玉県草加市谷塚上町２０４番１
ラウンドワンわらび店,埼玉県蕨市北町５−１−６
アドアーズ蕨,埼玉県蕨市塚越1-4-4ラ・セーヌビル2階
namcoイオンレイクタウン店,埼玉県越谷市レイクタウン3-1-1イオンレイクタウンmori
ユーズランド越谷店,埼玉県越谷市レイクタウン4-2-2イオンレイクタウンKAZE3F
ベネクス越谷店,埼玉県越谷市南荻島２７７０−１
ウェアハウス越谷店,埼玉県越谷市南荻島８４１−１
プレビＡＬＣＯ越谷ショッピングスクエア,埼玉県越谷市越ケ谷1-16-6ＡＬＣＯ越谷ｼｮｯﾋﾟﾝｸﾞｽｸｴｱ店地下１階
アミュージアム鴻巣,埼玉県鴻巣市本町１−１−２エルミこうのす３Ｆ
ラウンドワンさいたま・鴻巣店,埼玉県鴻巣市箕田３１６３−７
ラッキー佐倉店,千葉県佐倉市井野1475
キャッツアイ八千代店,千葉県八千代市吉橋１８５１　ｉｓｍ緑ヶ丘内
ラッキーバッティングドーム八千代店,千葉県八千代市大和田新田1088
ラウンドワン八千代村上店,千葉県八千代市村上南１丁目５番地５４
八街ヤングボウル,千葉県八街市八街ほ-380番地11
セガ千葉,千葉県千葉市中央区富士見2-4-1
ラッキー中央店・フェリシダ,千葉県千葉市中央区富士見2-8-1
アドアーズ千葉,千葉県千葉市中央区富士見２−４−１５第一東和ビル
セガアリーナ蘇我,千葉県千葉市中央区川崎町51-1ハーバーシティ蘇我FW AM棟1F
スポーツウェーブ鉄腕24,千葉県千葉市中央区浜野町1025-59
クラブセガ稲毛オーツーパーク,千葉県千葉市稲毛区園生町380-1
千葉レジャーランド稲毛店,千葉県千葉市稲毛区小仲台2-5-7海宝ビル2F
ラッキー西千葉店,千葉県千葉市稲毛区弥生町1-15
スポーツウェーブ鉄腕24稲毛長沼店,千葉県千葉市稲毛区長沼原町697番地
パレパレ稲毛長沼店,千葉県千葉市稲毛区長沼原町731-17フレスポ稲毛Ａ２棟４
プレビワンズモール,千葉県千葉市稲毛区長沼町３３０−５０
セガ幕張,千葉県千葉市美浜区ひび野1-8メッセ・アミューズ・モール１Ｆ
ｎａｍｃｏイオンモール幕張新都心店,千葉県千葉市美浜区豊砂１−１ｲｵﾝｸﾞﾗﾝﾄﾞﾓｰﾙ３F
ゲームランド千葉ニュータウン店,千葉県印西市中央北３丁目　イオンモール　千葉ＮＴモール棟３Ｆ
アピナ印西店,千葉県印西市原１−２ビッグホップガーデンモール印西２Ｆ
プラサカプコン富津店,千葉県富津市青木1-5-1イオンモール富津内ゲームコーナー
千葉レジャーランド成東店,千葉県山武市姫島111-1
ゲームランドちはら台店,千葉県市原市ちはら台西３−４ｕｎｉｍｏちはら台２Ｆ
チャリオット五井店,千葉県市原市五井中央西２−１−２
イスカンダル五井金杉店,千葉県市原市五井金杉1-47
ラウンドワン市原店,千葉県市原市八幡北町３−５−１
チャリオット辰巳店,千葉県市原市市原500-1
トムソーヤの仲間たちアリオ市原,千葉県市原市更級４−３−２アリオ市原店２F
アピナ市原店,千葉県市原市更級４丁目２番１号アクロスプラザ市原更級Ｆ棟１階
本八幡ゲームUNO,千葉県市川市八幡２丁目１６ー６八幡ハタビルB1F
ＤＡＩＫＥＩＥＮ,千葉県市川市大町３５９
タイトーＦステーション市川妙典店,千葉県市川市妙典4-1-1　イオン市川妙典店2番街2F
アミューズメントエース市川,千葉県市川市市川１−９−１１サン市川ハイツ１階
ＰＡＬＯ市川,千葉県市川市鬼高１−１−１ニッケコルトンプラザ２Ｆ
ラウンドワン市川鬼高店,千葉県市川市鬼高４−１−３
プラサカプコン成田店,千葉県成田市ウイング土屋２４イオン成田ＳＣ２Ｆ
セガワールド成田,千葉県成田市東町157-5
アミューズメントパレスワンダーヴュー成田,千葉県成田市飯仲11-18
セガ我孫子,千葉県我孫子市柴崎字天王谷47-1
タイトーステーション 旭サンモール店,千葉県旭市イ−２６７６−１　サンモール３Ｆ
セガ旭,千葉県旭市二字野場3150-1
イスカンダル木更津店,千葉県木更津市潮見４−１−２
ソユーゲームフィールド木更津店,千葉県木更津市築地１−４イオンモール木更津２F
セガ松戸,千葉県松戸市日暮1-1-1八柱駅第2ﾋﾞﾙ2F
ゲームソニックビーム松戸,千葉県松戸市松戸1172-1
プレビ　キテミテマツド店,千葉県松戸市松戸1307-1キテミテマツド店内6階ASOBI諸島
ｎａｍｃｏ松戸店,千葉県松戸市松戸１２３０−１ピアザ松戸１Ｆ
タイトーFステーション柏中央,千葉県柏市十余二２４９−５
柏ヤングボウル,千葉県柏市南柏中央11-1
ラウンドワンアリオ柏店,千葉県柏市大島田１丁目６番地１セブンパークアリオ柏　１０７０
ハイテクセガ柏,千葉県柏市柏1-1-11丸井デパート内B1F
ゲームゴジラ,千葉県柏市柏１−１−１１ファミリかしわＢ１
柏ガリバー,千葉県柏市柏１−１−１１丸井ビルＢ１Ｆ
柏駅前ヤングボウル,千葉県柏市柏１−３−１
タイトーステーション 柏店,千葉県柏市柏２−３−１フーサワビル
ＰＡＬＯ柏,千葉県柏市豊町２−５−２５
ｎａｍｃｏ流山おおたかの森Ｓ・Ｃ店,千葉県流山市おおたかの森南１−５−１おおたかの森Ｓ・Ｃ３Ｆ
ウェアハウス南流山店,千葉県流山市南流山４−１６−６
宝島新浦安店,千葉県浦安市入船１−４−１イオン新浦安店４Ｆ
ゲームプラザセントラル浦安店,千葉県浦安市北栄1-16-15
シルクハット　津田沼,千葉県習志野市津田沼１−２−１十三ビル地下１階
ゲームランド津田沼店,千葉県習志野市津田沼１−２３−１イオンモール津田沼２Ｆ
ラウンドワン習志野店,千葉県習志野市芝園１−４−５
スーパービバホーム新習志野店２階,千葉県習志野市茜浜１−１−２　スーパービバホーム２Ｆ
MorisiaAmusePark,千葉県習志野市谷津1-16-1モリシア津田沼2F
アミューズメントエース津田沼,千葉県船橋市前原西２−１５−１ファシービル
アドアーズ船橋,千葉県船橋市本町１−３１−２６セブン船橋Ｂ１Ｆ〜３Ｆ
タイトーステーション 船橋店,千葉県船橋市本町１−６−１
セガららぽーとTOKYO−BAY,千葉県船橋市浜町2-1-1北館1F
プレビ　ららぽーとＴＯＫＹＯーＢＡＹ店,千葉県船橋市浜町２−１−１ららぽーとTOKYOBAY西館３階
チャリオット船橋店,千葉県船橋市藤原5-6-7　2.3階
ＧＡＭＥ　ＳＱＵＡＲＥ茂原店,千葉県茂原市六ツ野八貫野２７８５−１ライフガーデン茂原内
アミュージアム茂原店,千葉県茂原市高師１６１９−１
YAZワールド野田七光台店,千葉県野田市七光台4-2
千葉レジャーランド野田店,千葉県野田市吉春776-1
セガイオンモール銚子,千葉県銚子市三崎町2-2660-1イオンモール銚子2F
館山ヤングボウル,千葉県館山市北条1564
佐原ミナミボウル,千葉県香取市佐原イ-4200
エムエムランド,東京都世田谷区北沢2-3-6
世田谷オークラボウル,東京都世田谷区桜３−２４−１
タイトーステーション 祖師谷大蔵店,東京都世田谷区砧８−１０−１プラッツ砧１Ｆ
アドアーズ中野,東京都中野区中野５−５２−１５　ブロードウェイ１８５
ｎａｍｃｏ中野店,東京都中野区中野５−５２−１５中野ブロードウェイ別館
シルクハット　八王子,東京都八王子市旭町２−５　八王子ツインタワービル３階
ｎａｍｃｏ八王子ＯＰＡ店,東京都八王子市旭町３０番地８５
ＮＩＣＯＰＡ高尾店,東京都八王子市東浅川町550-1イーアス高尾2F
ドラマ八王子高倉店,東京都八王子市高倉町55-4
ｎａｍｃｏ王子サンスクエア店,東京都北区王子１−４−１サンスクエア２階
セガ赤羽,東京都北区赤羽1-7-9赤羽第一葉山ビルB1
セガ赤羽駅前,東京都北区赤羽１−２−４
セガ秋葉原１号館,東京都千代田区外神田1-10-9
セガ秋葉原3号館,東京都千代田区外神田1-11-11外神田１丁目ビルディング
セガ秋葉原2号館,東京都千代田区外神田1-15-1
セガ秋葉原4号館,東京都千代田区外神田1-15-9
東京レジャーランド秋葉原2号店,東京都千代田区外神田4-3-3ミナミビル6F・7F
Ｈｅｙ,東京都千代田区外神田１−１０−５廣瀬本社ビル１階〜４階
タイトーステーション 秋葉原店,東京都千代田区外神田４−２−２貴三ビル
タイトーステーション 上野アメ横店,東京都台東区上野４−１０−１７
タイトーステーション 浅草店,東京都台東区浅草１−２７−５ＲＯＸ ＤＯＭＥ１Ｆ
アピナＳ武蔵小山店,東京都品川区小山３−２３−３ＳＤビルＢ１Ｆ
アムネット五反田店,東京都品川区西五反田１−２７−５
タイトーステーション国分寺店,東京都国分寺市本町３−５−１１
タイトーＦステーションオリナス錦糸町店,東京都墨田区太平4-1-2オリナスモール地下1F
ザ・サードプラネット多摩センター店,東京都多摩市落合１−４１−１マグレブウェスト１階・２階
タイトーステーション 多摩センター店,東京都多摩市落合１−４５−１丘の上パティオ内
ＰＡＬＯ聖蹟桜ヶ丘,東京都多摩市関戸４−７２聖蹟桜ヶ丘オーパ店６Ｆ
セガワールド大森,東京都大田区山王2-1-5大森駅ララビル2F
シルクハット　大森,東京都大田区山王２−２−１５
タイトーステーションＢＩＧＦＵＮ平和島店,東京都大田区平和島１丁目１−１ＢＩＧＦＵＮ平和島
ハイテクランドセガ池上,東京都大田区池上6-2-3松山ビル2Ｆ
シルクハット　蒲田西口,東京都大田区西蒲田７−２−３　第二醍醐ビル地下１階〜２階
ラウンドワン府中本町駅前,東京都府中市本町１−１３−３カネタビル
セガワールド府中,東京都府中市西原町1-6-2フレスポ府中1F・2F
セガ東京ドームシティ,東京都文京区後楽1-3-61
新宿スポーツランド本館,東京都新宿区新宿3-22-12
タイトーステーション新宿東口店,東京都新宿区新宿３−２２−７　指田ビル
タイトー新宿南口ゲームワールド店,東京都新宿区新宿３−３５−８
セガ新宿歌舞伎町,東京都新宿区歌舞伎町1-21-1第二東亜会館1F・2F
セガ新大久保,東京都新宿区百人町２丁目１０−１南雲ビルＢ１Ｆ
セガ神楽坂,東京都新宿区神楽坂2-11第2カグラヒルズ1F
クラブセガ新宿西口,東京都新宿区西新宿1-12-5
タイトーステーション新宿西口店,東京都新宿区西新宿１−１３−４
ゲームスポット２１新宿西口,東京都新宿区西新宿１−１５−２
タイトーＢＩＧＢＯＸ高田馬場店,東京都新宿区高田馬場１−３５−３　ＢＩＧＢＯＸ６Ｆ
アミュージアム昭島店,東京都昭島市田中町５７３−１−２
アピナ荻窪店,東京都杉並区上荻１−１３−１０ハクサンビル
ゲームスタジオキューブ高円寺店,東京都杉並区高円寺南4-26-12-B1
ゲームサファリ大山,東京都板橋区大山東町60-10やすだ大山駅前店2F
ラウンドワン板橋店,東京都板橋区相生町１６−１３
セガイオンモールむさし村山,東京都武蔵村山市榎1-1-3-2059
プラサカプコン吉祥寺店,東京都武蔵野市吉祥寺本町1-10-1いなりやビルB1F
フォルム武蔵境,東京都武蔵野市境南町２−７−２０ダイヤパレス第２　１階
江戸川ヤングボウル,東京都江戸川区中央4-22-25
ドットコム葛西,東京都江戸川区中葛西３−３５−５
アムネット小岩店,東京都江戸川区南小岩６−３１−３石井ビル１Ｆ
セガ船堀,東京都江戸川区船堀1-6-11
ハローズガーデン北砂店,東京都江東区北砂２−１７−１アリオ北砂店３Ｆ
ラウンドワン南砂店,東京都江東区南砂６−７−１５トピレックプラザ４Ｆ
アドアーズ門前仲町,東京都江東区富岡１−５−５和田屋ビル１−３階
アドアーズ南砂町ＳＵＮＡＭＯ,東京都江東区新砂３−４−３１
セガ有明ガーデン,東京都江東区有明２−１−８有明ガーデン５Ｆ５０１区画
ラウンドワンダイバーシティ東京プラザ店,東京都江東区青海1-1-10ダイバーシティ東京プラザ6階61000
アドアーズ渋谷,東京都渋谷区宇田川町１３−１１　ＫＮ渋谷１ビル
ハイテクランドセガ渋谷,東京都渋谷区渋谷1-14-14
タイトーステーション 渋谷店,東京都渋谷区渋谷１−２４−１２渋谷東映プラザ
東京ジョイポリス,東京都港区台場1-6-1デックス東京ビーチ4F
アミューズメントアイランドセガ,東京都港区高輪4-10-30品川ﾌﾟﾘﾝｽｴｸﾞｾﾞｸﾃｨﾌﾞﾀﾜｰ1Fﾎﾞｳﾘﾝｸﾞｾﾝﾀｰ内
セガ町田,東京都町田市原町田6-13-17アーバンミサワビルB1
タイトーステーション 町田店,東京都町田市原町田６−２１−２３　松山ビル１階
アドアーズ町田,東京都町田市原町田６−２１−２５　大正堂第２ビル１〜４Ｆ
ラウンドワン町田店,東京都町田市森野１−１３−１４
クラブセガ自由が丘,東京都目黒区自由が丘2-10-9
セガワールド福生,東京都福生市福生1076-1
タイトーステーション立川北口店,東京都立川市曙町２−４−５クリサス立川２・３Ｆ
クラブセガ立川,東京都立川市柴崎町3-2-1グランデュオビル1.2F
アミュージアムＯＳＣ店,東京都練馬区東大泉２−３４−１オズスタジオシティ２Ｆ
ミラクルイン中村橋,東京都練馬区貫井１−１−２ＹＫビル２Ｆ
アドアーズ新小岩,東京都葛飾区新小岩１−４４−４　ＶＯＲＴ新小岩ビル
ユーズランド日の出店,東京都西多摩郡日の出町大字平井237-3イオンモール日の出３Ｆ
ドラマ瑞穂店,東京都西多摩郡瑞穂町武蔵382-1
アミューズランドモナコ調布駅前店,東京都調布市布田４−２−２２
ゲームメデューサ,東京都豊島区南長崎５−２５−１６
ｎａｍｃｏ巣鴨店,東京都豊島区巣鴨１−１５−１宮田ビルB2F
セガ池袋ＧｉＧＯ,東京都豊島区東池袋1-21-1
ラウンドワン池袋店,東京都豊島区東池袋１−１４−１
ｎａｍｃｏ池袋店ＲＥＤ,東京都豊島区東池袋１−２２−１０　ＨＵＭＡＸパビリオンＢ１Ｆ
タイトーステーション 池袋西口店,東京都豊島区西池袋１−１５−９第一西池ビル
ウェアハウス入谷店,東京都足立区入谷７−８−１１
セガ竹の塚,東京都足立区竹の塚6-8-6 ピーくんPlaza-B
タイトーステーション綾瀬店,東京都足立区綾瀬４−９−２９ホーキョボナービル
ハイテクランドキューデン,東京都足立区西新井栄町2-7-2
キャロム青梅店,東京都青梅市千ケ瀬町4-326-1
パームトップス,神奈川県厚木市中町4-15-9
シルクハット本厚木,神奈川県厚木市中町２−４−１３　本厚木駅前ビル
イミグランデ本厚木店,神奈川県厚木市中町３−２−１
神奈川レジャーランド厚木店,神奈川県厚木市戸室5-31-1
ミリアンパーク　ネクサス,神奈川県厚木市田村町9-25
プレイランド大和鶴間,神奈川県大和市下鶴間１−３−１イトーヨーカドー大和鶴間店３Ｆ
アドアーズ大和店Ａ館,神奈川県大和市大和東１−４−３大黒屋ビル１、２階
イミグランデ大和店,神奈川県大和市鶴間2-12-27
セガ小田原ダイナシティ,神奈川県小田原市中里296-1 ダイナシティイーストモール3F
タイトー小田原シティーモール店,神奈川県小田原市前川１２０　フレスポ小田原シティーモール２Ｆ
タイトーステーション 小田原店,神奈川県小田原市栄町１−３−１２
ジョイランド中原,神奈川県川崎市中原区上小田中6-19-6
タイトーFステーション向ヶ丘遊園店,神奈川県川崎市多摩区登戸2718-1
テクモピア向ヶ丘遊園店,神奈川県川崎市多摩区登戸2755ミノワホームズ1F
プレイランド川崎,神奈川県川崎市川崎区小田栄2-2-1-3F
ラウンドワン川崎大師店,神奈川県川崎市川崎区殿町１−５−１
なっつべりぃキッズトレイン川崎,神奈川県川崎市川崎区港町12-1イトーヨーカドー2F
ベネクス川崎,神奈川県川崎市川崎区鋼管通り４−８−３
シルクハット　川崎モアーズ,神奈川県川崎市川崎区駅前本町７番地　岡田屋モアーズ１・２階
シルクハット　川崎ダイス,神奈川県川崎市川崎区駅前本町８番地ダイスビル地下２階
ｎａｍｃｏラゾーナ川崎店,神奈川県川崎市幸区堀川町72-1ﾗｿﾞｰﾅ川崎ﾌﾟﾗｻﾞ4階
アピナ川崎店,神奈川県川崎市幸区小倉５−１９−２３クロスガーデン川崎１Ｆ
ラウンドワン高津店,神奈川県川崎市高津区二子４−８−１
タイトーステーション溝の口,神奈川県川崎市高津区溝口１−１１−８Ｏ
イミグランデ溝口店,神奈川県川崎市高津区溝口１−１４−７　第二カスタムビル
ベネクス平塚店,神奈川県平塚市四之宮６−１０−２７
ラウンドワンららぽーと湘南平塚店,神奈川県平塚市天沼１０−１３階 ３３２８０番
アミューズメントランドYAZ平塚店,神奈川県平塚市田村1-4-26
ゲームファンタジア平塚,神奈川県平塚市紅谷町１４−２１
ネバーランド2座間店,神奈川県座間市ひばりが丘４−１１−４８
シルクハット　伊勢佐木町,神奈川県横浜市中区伊勢佐木町３—９６日活会館３階
セガ横浜中華街,神奈川県横浜市中区山下町80-1
アピナ山下公園店,神奈川県横浜市中区新山下１丁目２番８号港山下ナナイロビル２Ｆ
ナムコ横浜ワールドポーターズ,神奈川県横浜市中区新港2-2-1横浜ワールドポーターズ5F
Ａ．Ｒ．Ｆ　ＭＡＲＳ,神奈川県横浜市中区長者町6-106
ラウンドワン横浜戸塚店,神奈川県横浜市戸塚区影取町１７５９−５
タイトーステーション 戸塚西口店,神奈川県横浜市戸塚区戸塚町４０２３
パラダイス・シティ,神奈川県横浜市旭区二俣川1-43-28
アミューズメントパークジアス新横浜店,神奈川県横浜市港北区新横浜2-1-19
イミグランデ日吉店３,神奈川県横浜市港北区日吉2−2−4
ラウンドワン横浜綱島店,神奈川県横浜市港北区樽町２−６−４０Ｔ-PLATZ内
クラブセガ綱島,神奈川県横浜市港北区綱島西2-6-29
アミューズメントパークジアス上大岡,神奈川県横浜市港南区上大岡西2-1-28
クラブセガ新杉田,神奈川県横浜市磯子区杉田1-1-1らびすた新杉田2F
アミューズメントスポットドリームス,神奈川県横浜市緑区鴨居3-1-9
タイトーステーション 横浜西口五番街店,神奈川県横浜市西区南幸１−１２ー９
パソピアード横浜,神奈川県横浜市西区南幸１−５−２４相鉄ビル１Ｆ
ラウンドワン横浜駅西口店,神奈川県横浜市西区南幸２−８−１６
THE 3RD PLANET 横浜本店,神奈川県横浜市都筑区中川中央1-25-1 NPモール6F
ネバーランド港北店,神奈川県横浜市都筑区中川中央1-36-16
ドラマ港北インター店,神奈川県横浜市都筑区東方町321-6
セガセンター南,神奈川県横浜市都筑区茅ヶ崎中央３−２５
ゲームコスモ金沢文庫店,神奈川県横浜市金沢区谷津町344
ゲームコスモ鶴見店,神奈川県横浜市鶴見区豊岡町１７−４
プラサカプコン横須賀店,神奈川県横須賀市若松町2-30モアーズシティ4F
ゲームパラダイスゼロワン,神奈川県横須賀市若松町１−６ヨコビル３Ｆ
セガ海老名,神奈川県海老名市中央一丁目４番３１号海老名プラザビル１階
タイトーステーション海老名ビナウォーク店,神奈川県海老名市中央１−１８−１　ビナウォーク６番館２Ｆ
ムトス相模原店,神奈川県相模原市中央区中央２−１−５
セガイト—ヨーカドー古淵,神奈川県相模原市南区古淵3-13-33 イトーヨーカドー3F
クラブセガ相模大野,神奈川県相模原市南区相模大野3-13-2 東和ビル2F・3F
プレビ　アリオ橋本店,神奈川県相模原市緑区大山町１−２２アリオ橋本店内２階
アドアーズ橋本,神奈川県相模原市緑区橋本３−３−１ＳＩＮＧビル２Ｆ
ｎｉｃｏｍａｒｕ＋西橋本店,神奈川県相模原市緑区西橋本5-4-3ﾎｰﾑｾﾝﾀｰｺｰﾅﾝ相模原西橋本店1F
アピナ橋本店,神奈川県相模原市緑区西橋本５−１−１ラ・フロール駐車場棟１階
プレイアイシー東海大学前店,神奈川県秦野市南矢名1-15-1
タイトーステーション 藤沢店,神奈川県藤沢市南藤沢２１−１
ドラマ藤沢店,神奈川県藤沢市本藤沢5-6-8
アドアーズ藤沢北口,神奈川県藤沢市藤沢４６０−１　３〜４Ｆ
ＳＯＹＵ　GAME　FIELD湘南店,神奈川県藤沢市辻堂新町4-1-1湘南モールＦＩＬＬ2F
楽市楽座湘南藤沢店,神奈川県藤沢市辻堂新町4-3-5ﾐｽﾀｰﾏｯｸｽ湘南藤沢SC２F
ゲームインファンファン藤沢店,神奈川県藤沢市鵠沼石上１−３−８
シルクハット　大船,神奈川県鎌倉市大船１−２４　大船駅前ビル１〜３Ｆ
上越レジャーランボウル,新潟県上越市下門前薬島827-2
アピナ上越インター店,新潟県上越市下門前１６６１
タイトーＦステーション上越店,新潟県上越市富岡3524 J-MAXシアター内1F
ビルボードプレイスゲームコーナー,新潟県新潟市中央区八千代2-5-7
ｎａｍｃｏ新潟店,新潟県新潟市中央区南笹口１−１−１　ひもろぎビル２Ｆ
丸大プレイランド,新潟県新潟市中央区本町通６−１１２２−１イトーヨーカドー４Ｆ
ラウンドワン新潟店,新潟県新潟市中央区美咲町２−１−３８
メジャーロード白根,新潟県新潟市南区上下諏訪木論地９４８−２
カプコサーカス新潟東店,新潟県新潟市東区大形本町３−１−２　ジャスコシティ新潟東
モーリーファンタジーｆ 新潟南,新潟県新潟市江南区下早通柳田１丁目１番１号イオンモール新潟南2F
メジャーロード黒埼,新潟県新潟市西区山田３３０３番地（３３０２番地）
プレイハウス　エリナ,新潟県新潟市西蒲区津雲田６４０
ソユーゲームフィールド新発田店,新潟県新発田市住吉町５丁目１１番５号　イオンモール新発田２Ｆ
タイトーＦステーション 燕三条店,新潟県燕市井土巻３−１５０イオン県央店アメニティ棟１Ｆ
メジャーロード24,新潟県見附市今町4-20-568-1
アピナ長岡店,新潟県長岡市堺東町２２
スターフィールド,新潟県長岡市新組町2003番地1
ゲームセンターテクノポリス,新潟県長岡市要町1-8-50
キッズサーカス五福店,富山県富山市五福1143-1
アピナ富山南店,富山県富山市堀川町３５５−３　マイプラザ内
ゲームインさんしょう富山駅前店,富山県富山市桜町1-7-5
アピナ富山新庄店,富山県富山市荒川３−２−１２
アピナ富山豊田店,富山県富山市豊田町２丁目１２−６６
トヤマレジャーランド呉羽店,富山県富山市高木字貝塚2054
クァトロブーム小杉,富山県射水市三ケ2602
小杉サービスエリア,富山県射水市大江1243-5
ユーズランドとなみ店,富山県砺波市中神１−１７４イオンモールとなみ２Ｆ−２０５
ユーズランド高岡店,富山県高岡市下伏間江３８３イオンモール高岡２Ｆ
セガイオンモール高岡,富山県高岡市下伏間３８３　イオンモール高岡２Ｆ２００１Ａ区画
サービスエリアIN高岡,富山県高岡市下石瀬857-1
ゲームスポット３０６,富山県高岡市昭和町２−２６７−５
ゲームスポット２０７,富山県高岡市鐘紡町１６５５−３
ゲームスポットアップル魚津店,富山県魚津市吉島2-407-1
プレイランドイン黒部,富山県黒部市沓掛645
ｎａｍｃｏイオンモールかほく店,石川県かほく市内日角夕25番イオンモールかほく店2F
バイパスレジャーランド宇ノ気店,石川県かほく市森子85
バイパスレジャーランド加賀店,石川県加賀市箱宮町ヲ1-1
楽市楽座イオンモール新小松店,石川県小松市清六町３１５イオンモール新小松店２Ｆ
モーリーファンタジーｆ 御経塚,石川県野々市市御経塚２−９１イオン1F
アピナ野々市店,石川県野々市市白山町４−１イオンタウン野々市店内
アピナ野々市バッティングスタジアム,石川県野々市市若松町５−５
ゲーム・パラダイス,石川県金沢市堀川新町５−１ｱﾐｭｰｽﾞﾒﾝﾄｽｸｴｱ3Ｆ
セガイオンタウン金沢示野,石川県金沢市戸板西2-1
ラウンドワン金沢店,石川県金沢市横川6-120-1
金沢メトロポリス,石川県金沢市無量寺４−１２１−１
タイトーステーション 金沢店,石川県金沢市片町２−１−７宇都宮片町ビル
アミューズアイランド金沢,石川県金沢市福久2-58イオン金沢3階
バイパスレジャーランド藤江新館,石川県金沢市藤江南2-105
セガアルプラザ金沢,石川県金沢市諸江町30-1
ＪＯＹＬＡＮＤ敦賀店,福井県敦賀市木崎４０号土三田１２番
福井レジャーランド板垣店,福井県福井市下馬３−１０２
セガ福井,福井県福井市丸山1-410
ジョイランド大和田店,福井県福井市大和田町2-1002
フクイレジャーランドワイプラザ店,福井県福井市新保北1-303　ヤスサキワイプラザＢ棟2Ｆ
セガワールド武生,福井県越前市新町3-13-4
アル・プラザボウル鯖江,福井県鯖江市下河端町１６字下町６−１
ジョイランド鯖江店,福井県鯖江市宮前1-614-1
プラサカプコン甲府店,山梨県中巨摩郡昭和町西条字北河原３７１７
楽市楽座イオンモール甲府店,山梨県中巨摩郡昭和町飯喰１５０５−１イオンモール２０１１
プレイタウンパル富士吉田店,山梨県富士吉田市新西原４−１２−１５
スタジオプリモ甲府店,山梨県甲府市丸の内１−１６−２０　ココリ２F
ゲームパニック甲府,山梨県甲府市国母5-20-24
ラウンドワン山梨・石和店,山梨県笛吹市石和町広瀬７３７−１
セガ上田,長野県上田市大字上田1847-1
アピナ上田店,長野県上田市秋和３５９−１
アピナ伊那店,長野県伊那市大字西町５０９３
ｎａｍｃｏイオンモール佐久平店,長野県佐久市佐久平駅南11-10ｲｵﾝﾓｰﾙ佐久平2階
アピナ佐久インター店,長野県佐久市岩村田北１−１３−１
アピナ塩尻店,長野県塩尻市広丘野村１７９４−１
アピナ穂高店,長野県安曇野市穂高２４５０
セガワールド豊科,長野県安曇野市豊科南穂高1115
ゲームゾーン岡谷店,長野県岡谷市中央町２−２−１イルプラザ１Ｆ
セガ岡谷,長野県岡谷市塚間町2-1-21
楽市楽座イオンモール松本店,長野県松本市中央四丁目９番５１号
アピナ松本店,長野県松本市双葉１９−１０
タイトーFステーション松本店,長野県松本市平田東１−２７−１
ｎａｍｃｏアルピコプラザ松本店,長野県松本市深志１−２−３０アルピコプラザ内６Ｆ
セガ松本,長野県松本市渚1-7-1なぎさライフサイト内
ＰＡＬＯ諏訪,長野県諏訪市沖田町５丁目１８ステーションパーク諏訪
ソユーゲームフィールド長野店,長野県長野市三輪９−４３−２４イオンタウン長野三輪店
ドルフィン長野駅前店,長野県長野市大字南長野南石堂町１３６７−５
ラウンドワン長野店,長野県長野市大字東和田８２７番地６
THE 3RD PLANET 長野大通り店,長野県長野市大字鶴賀権堂町１５０６−３長電権堂第２ビル１Ｆ
アピナ長野川中島店,長野県長野市川中島町御厨９６７−１
アピナ長野村山店,長野県長野市村山５０２−１
アピナ長野大橋店,長野県長野市若里７−９−１２
アピナ飯田店,長野県飯田市座光寺３７２８−１
プレビＭＥＧＡドン・キホーテＵＮＹ可児店,岐阜県可児市中恵土字溝向2120番1MEGAﾄﾞﾝｷﾎｰﾃUNY可児店内
オリエンタルバッティング可児店,岐阜県可児市今渡６９５−１
ＧＡＭＥタカラ島　可児店,岐阜県可児市広見字古川２５１９ー１２　
ｎａｍｃｏイオンモール各務原店,岐阜県各務原市那加萱場町３−８イオンモール各務原店２Ｆ
ゲームゾーン各務原店,岐阜県各務原市鵜沼各務原町５−２８６ ペタルビル１Ｆ
セガ多治見,岐阜県多治見市住吉町1-1-1
大垣メトロポリス,岐阜県大垣市三塚町西沼５２３−１
ｎａｍｃｏイオンモール大垣店,岐阜県大垣市外野２丁目１００イオンモール大垣２階
セガワールドアクアウォーク大垣,岐阜県大垣市林町6-80-21アクアウォーク大垣2F
ゲームハウスアリババ,岐阜県大垣市池尻町９４０−１
ゲームファンタジアン柳津店,岐阜県岐阜市柳津町上佐波西3-68
ｎａｍｃｏカラフルタウン岐阜店,岐阜県岐阜市柳津町丸野３−３−６カラフルタウン岐阜内
モーリーファンタジーｆ 岐阜,岐阜県岐阜市正木中１−２−１マーサ２１北館３Ｆ
Ａ．Ｃ．グランド,岐阜県岐阜市茜部大川1-77
ゲームファンタジアン精華店,岐阜県岐阜市鏡島精華2-2-1
ラウンドワンモレラ岐阜店,岐阜県本巣市三橋１１００
岐阜レジャーランド穂積店,岐阜県瑞穂市稲里630番地
アッシュ美濃加茂店,岐阜県美濃加茂市山手町2-56-1メトロスクエア２Ｆ
ＫＳ美濃加茂店,岐阜県美濃加茂市深田町３−１１−２４ １Ｆ
オアシス,岐阜県羽島郡岐南町八剣７−１５
セガマーゴ関,岐阜県関市倉知516
セガワールド高山,岐阜県高山市上岡本町7-7
ジョイランドアミューズみしま,静岡県三島市梅名３０８−６
ゲームオフ富士宮,静岡県富士宮市三園平1360
タイトーＦステーションイオン富士宮店,静岡県富士宮市浅間町１−８
ラウンドワン富士店,静岡県富士市八代町４−１５
THE 3RD PLANET 富士店,静岡県富士市永田町2-99
モーリーファンタジーｆ 富士南,静岡県富士市鮫島１１８−１０　イオンタウン富士南２Ｆ
THE 3RD PLANET 島田店,静岡県島田市中溝町2531
アップル島田店,静岡県島田市宝来町8-5
ＡＮ・ＫＩＮ・ＴＡＮ浜岡,静岡県御前崎市池新田５８３２−１イオンタウン浜岡ＳＣ内
ACT御殿場店,静岡県御殿場市東山字石橋296-1
セガ掛川,静岡県掛川市細田248
シートピアＹＡＺ大須賀店,静岡県掛川市西大渕３３５９
THE 3RD PLANET BiVi沼津店,静岡県沼津市大手町1-1-5
スタジオプリモ沼津店,静岡県沼津市大手町３−４−１沼津ラクーン５Ｆ
ジョイランドアミューズ諏訪店,静岡県沼津市大諏訪２０−２
沼津バッティングスタジアム,静岡県沼津市岡一色１９−２
アミューズメントワールドららぽーと沼津店,静岡県沼津市東椎路字東荒301-3他3階33020コロナワールド
タイトーステーション浜松店,静岡県浜松市中区肴町３２２−２０松竹ビル
ＹＡＺワールド浜松葵店,静岡県浜松市中区葵西２−２７−１０
ＨＫ鑑定団,静岡県浜松市東区半田山５−３６−１
タイトーFSイオンモール浜松市野店,静岡県浜松市東区天王町字諏訪１９８１−３
ラウンドワン浜松店,静岡県浜松市東区天王町諏訪１９８１−１７
THE 3RD PLANET OZ浜松店,静岡県浜松市東区宮竹町322-1
楽市楽座サンストリート浜北店,静岡県浜松市浜北区平口２８６１サンストリート浜北
ポート２４浜松店,静岡県浜松市西区坪井町4183-1
プラサカプコン志都呂店,静岡県浜松市西区志都呂町二丁目37番1号 ｲｵﾝﾓｰﾙ浜松志都呂3F
アップルグランリバー大井川店,静岡県焼津市下江留１３２７
THE 3RD PLANET 焼津店,静岡県焼津市八楠3-18-5
シートピアYAZ焼津店,静岡県焼津市道原585
YAZ磐田店,静岡県磐田市西貝塚横須賀道北3690イオンタウン磐田内
NAMCOLANDららぽーと磐田店,静岡県磐田市高見丘1200番地ららぽーと磐田2F
セガ袋井,静岡県袋井市川井1142-1
ゲームインプリンス,静岡県静岡市清水区天神1-2-6
セガベイドリーム清水,静岡県静岡市清水区駒越北8-1ベイドリーム清水2F
THE 3RD PLANET フレスポ静岡店,静岡県静岡市清水区鳥坂860
タイトーＦステーション静岡,静岡県静岡市葵区呉服町２−５−４　ふしみや第２ビル
マークイズ静岡店,静岡県静岡市葵区柚木１９１ＭＡＲＫ ＩＳ 静岡３Ｆ
アップル新北街道店,静岡県静岡市葵区沓谷5-13-4
THE 3RD PLANET 静岡インター店,静岡県静岡市駿河区中野新田383-3
ラウンドワン静岡・駿河店,静岡県静岡市駿河区手越７５
ソユー竜宮タウン静岡店,静岡県静岡市駿河区石田1-5-1アピタ静岡ＳＣ2Ｆ
セガサントムーン柿田川,静岡県駿東郡清水町玉川61-2サントムーン柿田川２Ｆ
セガイオンモール木曽川,愛知県一宮市木曽川町黒田八ヶ池25-1　イオンモール木曽川3F
セガ尾西,愛知県一宮市篭屋3-9-7アソビックスびさい1F
ゲームゾーン一宮店,愛知県一宮市羽衣２−５−１
楽市楽座イオンモール扶桑店,愛知県丹羽郡扶桑町南山名高塚5番地イオンモール扶桑2階
アピタ刈谷店シルクロード,愛知県刈谷市南桜町２丁目５６−１
セガイオンタウン刈谷,愛知県刈谷市東境町京和１
アミューズメントプラザ　マルシン,愛知県刈谷市池田町4-609
M's PARK刈谷店,愛知県刈谷市稲場町３−２０６
楽市街道 名古屋店,愛知県北名古屋市中之郷新明４５−１
ラウンドワン名古屋西春店,愛知県北名古屋市宇福寺神明１５
半田メトロポリス,愛知県半田市旭町３−１１−１
ラウンドワン半田店,愛知県半田市瑞穂町６−７−８
タイトーステーション 大須店,愛知県名古屋市中区大須３−２０−７
タイトーステーションフェドラ大須店,愛知県名古屋市中区大須３−３０−３１
ゲーム キングジョイ,愛知県名古屋市中区栄3-3-32
コムテックスクウェア,愛知県名古屋市中区金山1-16-8
ＶＡＭＰ中川店,愛知県名古屋市中川区新家１−２００７
中川メトロポリス,愛知県名古屋市中川区江松3丁目110番地
ラウンドワン中川１号線店,愛知県名古屋市中川区法蔵町２−２３
コムテックタワー,愛知県名古屋市中村区名駅４−１０−２０
セガマーケットスクエアささしま,愛知県名古屋市中村区平池町４丁目６０番地１４号
ｎａｍｃｏ名古屋駅前店,愛知県名古屋市中村区椿町６−６ニッセイ名古屋西ビル別館Ｂ１
ファンタジープラザ名古屋,愛知県名古屋市北区玄馬町２３４−１ﾄﾞﾝｷﾎｰﾃ名古屋本店２階
ＧＲＥＡ,愛知県名古屋市千種区今池５−２２−１７
ファンタジープラザ千代田橋店,愛知県名古屋市千種区千代田橋２−１−１アピタ千代田橋店３階
ラウンドワン千種店,愛知県名古屋市千種区新栄3-20-17タイホウ千種駅前南ビル8階
名古屋レジャーランド内田橋店,愛知県名古屋市南区内田橋2-26-22
モーリーファンタジーｆ 新瑞橋,愛知県名古屋市南区菊住１丁目７−１０　イオンモール新瑞橋店３Ｆ
スペースシャトル塩釜口,愛知県名古屋市天白区塩釜口２−４１４
ポート２４八事店,愛知県名古屋市昭和区広路町北石坂102番地4
ｎａｍｃｏイオンモールナゴヤドーム前店,愛知県名古屋市東区矢田南4丁目102-3ｲｵﾝﾓｰﾙﾅｺﾞﾔﾄﾞｰﾑ前SC3F
namcoららぽーと名古屋みなとアクルス店,愛知県名古屋市港区港明２−３−２ららぽーと名古屋港明３Ｆ
楽市楽座イオンモール名古屋茶屋店,愛知県名古屋市港区西茶屋２−１１イオンモール名古屋茶屋３階
セガ金山,愛知県名古屋市熱田区金山1-19-2
namcoイオンモール大高店,愛知県名古屋市緑区南大高2-450ｲｵﾝ大高3階
名古屋レジャーランド大高店,愛知県名古屋市緑区忠治山201番地
SOYU BREMEN TOWN 鳴海店,愛知県名古屋市緑区鳴海町字伝治山3-9　アピタ鳴海店2F
プラサカプコン徳重店,愛知県名古屋市緑区鳴海町徳重１８−４４ヒルズウォーク徳重
ラウンドワン鳴海店,愛知県名古屋市緑区鳴海町杜若２８
セガｍｏｚｏワンダーシティ上小田井,愛知県名古屋市西区二方町40
セガイオンタウン名西,愛知県名古屋市西区香呑町6-49-1ｲｵﾝﾀｳﾝ名西2F
ゲームファンタジーランドダイナソア,愛知県大府市東新町３−８７
安城メトロポリス,愛知県安城市浜富町６−８
セガ安城,愛知県安城市百石町2-35-13
M's PARK小牧店,愛知県小牧市大字村中字稲荷７８３
パラボランド小牧店,愛知県小牧市東1-126　イオン小牧店２F
小牧メトロポリス,愛知県小牧市間々片山１８１
M's PARK三郷店西館,愛知県尾張旭市南原山町赤土２０７
セガ岡崎,愛知県岡崎市上地3-50-4
ＡＤＸマミー岡崎店,愛知県岡崎市井田新町６−１
ゲームランド岡崎店,愛知県岡崎市戸崎町字外山３８−５イオンモール岡崎　シネコン棟
ゲームファンタジアン岡崎店,愛知県岡崎市錦町２−４
アミューズファクトリー常滑店,愛知県常滑市りんくう町2-20-3イオンモール常滑2F
タイトーステーション 弥富店,愛知県弥富市五明１３７１−４
セガプライムツリー赤池,愛知県日進市赤池町箕ノ手1番
コムテックプラザ赤池,愛知県日進市赤池１−２９０１
ＡＤＸマミー春日井Ｒ１５５出川店,愛知県春日井市不二ヶ丘１丁目５番地
セガ春日井,愛知県春日井市岩野町4180
スイーツ・ハートイオン春日井店,愛知県春日井市柏井町4-17
オークランドボウル春日井,愛知県春日井市鳥居松町３−１１　１階ゲームコーナー
ゲームファンタジーランドナイル,愛知県東海市名和町三番割上４０−２
アミューズメントプラザワイド,愛知県東海市名和町二番割上16-2
ラスパ太田川アミューズメントパーク,愛知県東海市大田町下浜田１０２−１ラスパ太田川店南館１Ｆ
アピタ東海荒尾店２Ｆプラネット,愛知県東海市荒尾町山王前６０
アミュージアム津島店,愛知県津島市大字津島字北新開351番地ﾖｼﾂﾞﾔ津島本店ｼﾈﾏ館2F
バッティングセンター甲子園,愛知県津島市寺野町字五反田４３
セガ東名ボール,愛知県瀬戸市西原町2-114
ユーズランド東浦店,愛知県知多郡東浦町緒川旭１３−２イオンモール東浦２Ｆ
イーグルボウル,愛知県知立市宝町塩掻58
セガワールド知立,愛知県知立市長篠町大山18-1ギャラリエアピタ1F
プラサカプコン稲沢店,愛知県稲沢市長野７丁目１−２リーフウォーク稲沢２Ｆ
ゲームファンタジアン蒲郡店,愛知県蒲郡市竹谷町中野１−１２
カーニバル・Ｃ・ドーム,愛知県西尾市上町南又七山31番
ムー大陸西尾シャオ店,愛知県西尾市下町御城下２３−１シャオ２Ｆ
ｎａｍｃｏエアポートウォーク名古屋店,愛知県西春日井郡豊山町大字豊場字林先１−８エアポートウォーク
豊川メトロポリス,愛知県豊川市下長山町上アライ１４−１
ＷＡＶＥ豊川白鳥店,愛知県豊川市白鳥町京次55-1
アミューズメントクラブノバ,愛知県豊橋市三本木町元三本木８０−２
アピタ向山店２Ｆスタジアム,愛知県豊橋市向山町中畑１−１
ラウンドワン豊橋店,愛知県豊橋市大岩町字岩田２７−２
Ｌａ・Ｆｉｅｓｔａ,愛知県豊橋市広小路１−６−２フェイス豊橋ビルＢ１
タイトーステーション 豊橋店,愛知県豊橋市藤沢町１４１−４アミューズメントビル１Ｆ
セガ飯村,愛知県豊橋市飯村町字西山25-121
タイトーキッズランドＧＡＺＡ,愛知県豊田市喜多町１−１４０ＧＡＺＡ３階
M's PARK豊田店,愛知県豊田市寿町３−２１、２２
プラサカプコン豊田店,愛知県豊田市東山町１−５−１グリーンシティ３Ｆ
セガ豊田,愛知県豊田市深田町1-65-1
ゲームファンタジアン長久手店,愛知県長久手市武蔵塚705
namcoイオンモール長久手店,愛知県長久手市長久手中央土地区画整理事業地内5.10.11街区ｲｵﾝ3F
ポート２４幸田店,愛知県額田郡幸田町相見沖原1-3
ファンタジックランド高浜店,愛知県高浜市神明町８−２０−１Ｔポート２Ｆ
ラウンドワンみえ川越インターチェンジ店,三重県三重郡川越町南福崎８５１−１
アソビックスゲームワールド,三重県三重郡朝日町小向181
ゲームパークＭＥＣＨＡ菰野店,三重県三重郡菰野町大字宿野字神明田357　イオンタウン菰野内
セガ伊勢,三重県伊勢市中須町666
ドリームキャンディ,三重県伊賀市小田町７１１−１
クラブセガ名張,三重県名張市希央台3番地15
ゲームチャオ名張店,三重県名張市蔵持町原出773-1
楽市楽座イオンモール東員店,三重県員弁郡東員町大字長深字築田５１０−１
プレビ　ララスクエア四日市店,三重県四日市市安島１−３−３１　ララスクエア５階
YAZワールド四日市店,三重県四日市市泊小柳町４−３４
セガ生桑,三重県四日市市生桑町字川原崎299-1
クラブセガアドバンスモール松阪,三重県松阪市田村町235-1
ゲームチャオ松阪店,三重県松阪市船江町７８０
セガワールド桑名,三重県桑名市大仲新田宮前158
ＰＡＬＯ桑名,三重県桑名市新西方１−２２イオン２Ｆ
セガワールド久居,三重県津市久居明神町字風早2534-1
ＰＡＬＯイオンモール津南,三重県津市高茶屋小森町１４５番地　イオンモール津南３Ｆ
ラウンドワン津・高茶屋店,三重県津市高茶屋小森町２７７−８
アピナ鈴鹿店,三重県鈴鹿市庄野羽山4-20-1イオンタウン鈴鹿2階
ナムコランドイオンモール鈴鹿,三重県鈴鹿市庄野羽山４−１−２イオンモール鈴鹿２Ｆ
アミパラ鈴鹿店,三重県鈴鹿市西条町字東澤430-1
滋賀レジャーランド大津店,滋賀県大津市におの浜３−１−４３　イオンタウンアヤハプラザ内
エースレーン堅田,滋賀県大津市今堅田２−４０−１０
THE 3RD PLANET 大津店,滋賀県大津市打出浜１４−３０打出浜商業施設６Ｆ
ラウンドワン浜大津アーカス店,滋賀県大津市浜町２−１浜大津アーカス内
エースレーン守山,滋賀県守山市播磨田町２３１−４ＡＣＴ守山３番館内
ｎａｍｃｏビバシティ彦根店,滋賀県彦根市竹ケ鼻町４３−１ビバシティ彦根２Ｆ
ゲームディーノ彦根店,滋賀県彦根市西沼波町１６６
エースレーン愛知川,滋賀県愛知郡愛荘町長野２００
セガ甲西,滋賀県湖南市夏見字二ツ橋356-1
開放倉庫米原店,滋賀県米原市顔戸1429
ゲームランド草津店,滋賀県草津市新浜町３００番地イオンモール草津３階
アミパラ草津店,滋賀県草津市木川町72
セガエイスクエア草津,滋賀県草津市西渋川1-23-23エイスクエアSARA南館2階
ACT草津ACTION,滋賀県草津市野路町1161-1
エースレーン近江八幡店,滋賀県近江八幡市出町７３６アクトビル１Ｆ
タイトーＦステーションイオン近江八幡店,滋賀県近江八幡市鷹飼町南３−７　１階
アミパラ久御山店,京都府久世郡久御山町森大内３３７ イオンタウン久御山内
タカラ島亀岡,京都府亀岡市篠町野条上又11-1ｱﾙ・ﾌﾟﾗｻﾞ亀岡店3F
ゲームパニック京都,京都府京都市中京区桜之町415番　京都松竹座ビル
ラウンドワン京都河原町店,京都府京都市中京区河原町通三条下ル山崎町２５０
THE 3RD PLANET BiVi京都二条店,京都府京都市中京区西ノ京栂尾町107
プレイランドキング円町店,京都府京都市中京区西ノ京西円町40
ラウンドワン京都伏見店,京都府京都市伏見区下鳥羽平塚町１３１
セガワールド六地蔵,京都府京都市伏見区桃山町山ノ下32京都SCビルAM棟2F
パルケ上賀茂店,京都府京都市北区上賀茂西河原１−１
楽市楽座イオンモール京都桂川店,京都府京都市南区久世高田町376-1イオンモール京都桂川店３階
辻商店,京都府京都市南区東九条上殿田町13
ｎａｍｃｏイオンモールＫＹＯＴＯ店,京都府京都市南区西九条鳥居口町1ｲｵﾝﾓｰﾙKYOTO SAKURA館4階
プラサカプコン京都店,京都府京都市右京区西院追分町２５−１イオンモール京都五条３Ｆ
あそＶＩＶＡゲームセンター,京都府福知山市字堀小字下高田２１４６−１
バザールタウン舞鶴キッズワールド,京都府舞鶴市伊佐津200-5
タイトーステーション アリオ八尾店,大阪府八尾市光町２−３　イトーヨーカドーアリオ八尾３Ｆ
ゲームフェイス八尾店,大阪府八尾市天王寺屋2-68
ENTERTAINMENT FIELD ららぽーとEXPOCITY店,大阪府吹田市千里万博公園２−１ららぽーとＥＸＰＯＣＩＴＹ３Ｆ
関大前フタバボウル,大阪府吹田市千里山東１−７−１８
ラウンドワンららぽーと和泉店,大阪府和泉市あゆみ野４−４−７　４階　４２１００番
ゲーム・ザ・ゴリラ,大阪府和泉市伏屋町四丁目10番51号
セガワールド和泉,大阪府和泉市肥子町2-4-41
楽市楽座イオンモール四條畷店,大阪府四條畷市砂4-3-2イオンモール四條畷店3F
ラウンドワン泉北店,大阪府堺市南区原山台１−１４−２
スポーツセンター　２１世紀,大阪府堺市南区岩室108-1
ラウンドワン堺駅前店,大阪府堺市堺区戎島町4-44-3
ゲームパニック堺,大阪府堺市堺区築港八幡町1番地堺浜ｼｰｻｲﾄﾞｽﾃｰｼﾞ内堺浜ｴﾝﾀﾒ館
SOYU GAME FIELD堺鉄砲町店,大阪府堺市堺区鉄砲町1番地イオンモール堺鉄砲町3F
セガワールド松原,大阪府堺市東区八下町3-10
ラウンドワン堺中央環状店,大阪府堺市東区石原町２−２４１
ナムコランド鳳店,大阪府堺市西区鳳南町3-199-12アリオ鳳アリオモール3F
アミパラ大東店,大阪府大東市南新田２丁目３番５号
タイトーステーション 難波店,大阪府大阪市中央区難波千日前１５−１２
ラウンドワン千日前店,大阪府大阪市中央区難波１−３−１
ｎａｍｃｏマグスミノエ店,大阪府大阪市住之江区泉１−１−８２マグスミノエ１Ｆ
クラブセガ東梅田,大阪府大阪市北区堂山町9-28
ＭＦ　ＬＩＮＫＳ　ＵＭＥＤＡ,大阪府大阪市北区大深町４−８ヨドバシカメラＬＩＮＫＳ梅田店内
ｎａｍｃｏ梅田店,大阪府大阪市北区小松原町３−３ＯＳビル１〜３Ｆ
ラウンドワン梅田店,大阪府大阪市北区小松原町４−１６
ハイテクランドセガミスト２,大阪府大阪市北区梅田1-11-4駅前第4ビルB1F
タイトーステーション梅三小路店,大阪府大阪市北区梅田３−２−１３６梅三小路内
アミュージアム茶屋町店,大阪府大阪市北区茶屋町15-34
ラウンドワン城東放出店,大阪府大阪市城東区今福南3-4-38
セガ今福,大阪府大阪市城東区今福東1-9-34
ザ・インドアゲーム,大阪府大阪市旭区中宮5-6-19
ラウンドワン東淀川店,大阪府大阪市東淀川区菅原７−１４−２８
タイトーステーション 大阪日本橋店,大阪府大阪市浪速区日本橋４−９−１４
ｎａｍｃｏ大阪日本橋店,大阪府大阪市浪速区難波中2-1-17コスモビル1〜3階
ｎａｍｃｏなんばパークス店,大阪府大阪市浪速区難波中2丁目10番70号なんばﾊﾟｰｸｽ6階
セガ難波アビオン,大阪府大阪市浪速区難波中２−３−１５ＭＭＯビルＢ１〜３Ｆ
ハイテクランドセガ西中島,大阪府大阪市淀川区西中島3-16-8深井センタービル1・2F
ＭＥＣＨＡ天保山店,大阪府大阪市港区海岸通１−１−１０天保山マーケットプレイス内
楽市楽座イオンモール大阪ドーム店,大阪府大阪市西区千代崎３−１３−１
タイトーＦステーションあべのアポロ店,大阪府大阪市阿倍野区阿倍野筋1-5-1 きんえいアポロビル4F
セガワールドアポロ,大阪府大阪市阿倍野区阿倍野筋1-5-31 アポロビル3F
セガあべのキューズモール,大阪府大阪市阿倍野区阿倍野筋1-6-1キューズモール3FQ-332
Ｇ−ｐａｌａあべの,大阪府大阪市阿倍野区阿倍野筋３−１０−１あべのベルタ２Ｆ
ｎａｍｃｏイオンモール鶴見緑地店,大阪府大阪市鶴見区鶴見４−１７−１鶴見緑地４階
ラウンドワン守口店,大阪府守口市佐太東町２−６−１４ジャガーグリーン２Ｆ
ｎａｍｃｏイオンモール大日店,大阪府守口市大日東町1番地18号ｲｵﾝﾓｰﾙ大日4階
セガビバモール寝屋川,大阪府寝屋川市寝屋南2-22-2ビバモール寝屋川 モール棟2F
ＹＡＺ寝屋川店,大阪府寝屋川市石津中町25-26
モンキートリック,大阪府寝屋川市香里南之町32-5　YNレジデンス香里2F
ラウンドワン岸和田店,大阪府岸和田市八阪町２−１１−１
あうとばぁん,大阪府東大阪市小若江３−６−１５
セガ東大阪,大阪府東大阪市稲田新町3-9-64
ラウンドワン東大阪店,大阪府東大阪市若江南町１−２−１２
セガワールド布施,大阪府東大阪市長堂1-1-1ロンモール布施内
エンジョイパラダイス,大阪府東大阪市長栄寺７−３パーラーメトロ永和店２Ｆ
ゲーム　フェイス　松原店,大阪府松原市大堀1-1-9
セガニトリモール枚方,大阪府枚方市北山1-2-1
セガワールド枚方,大阪府枚方市須山町83-1サンシャインプラザ枚方内
ラウンドワン枚方店,大阪府枚方市高野道１−２０−２０
タイトーFステーションりんくうシークル店,大阪府泉佐野市りんくう往来南３
ソユーゲームフィールド泉南店,大阪府泉南市りんくう南浜３番１２イオンモールりんくう泉南２Ｆ
ストライクス,大阪府泉南市馬場778
フタバボウル泉大津店,大阪府泉大津市松之浜町１−２−５３
SOYUGameFieldみのおキューズモール店,大阪府箕面市西宿１−１５−３０みのおキューズモールＣ棟２階
モーリーファンタジーｆ 茨木,大阪府茨木市松ケ本町８−３０−５　イオンSC4F
ゲームディーノ阪急茨木店,大阪府茨木市永代町５ ソシオビルＢ１
あそＶＩＶＡ阪急茨木店,大阪府茨木市永代町６−２スポーツプラザ茨木２Ｆ
プラサカプコン藤井寺,大阪府藤井寺市岡２丁目１０番１１号イオン藤井寺ＳＣ２Ｆ
クラブセガ藤井寺,大阪府藤井寺市沢田1-20-8
ラウンドワン豊中店,大阪府豊中市名神口１−１−１
セガ新三国アルゴ７,大阪府豊中市神州町1-15
タイトーステーション摂津富田店,大阪府高槻市大畑町１３−１　イオン摂津富田店２階
ラウンドワン高槻店,大阪府高槻市辻子３−６−４
アミューズスペースミール,兵庫県三田市対中町5-21
ラウンドワン伊丹店,兵庫県伊丹市昆陽７丁目２９
テクモピア伊丹,兵庫県伊丹市藤ノ木１−１−１イオンモール伊丹３Ｆ
ｎａｍｃｏニッケパークタウン加古川店,兵庫県加古川市加古川町寺家町173-1
アミパラ加古川店,兵庫県加古川市尾上町今福７１−２
ラウンドワン加古川店,兵庫県加古川市尾上町安田325番6号
遊スペース　スプラ,兵庫県加古川市尾上町安田３５１−１
社スポーツレーン,兵庫県加東市社1189-1
モーリーファンタジーｆ 加西北条,兵庫県加西市北条町北条３０８−１イオン加西北条２Ｆ
Ｇ−ｐａｌａ花北店,兵庫県姫路市増位新町１−６　２Ｆ
ふぇすたらんど広畑店,兵庫県姫路市広畑区吾妻町3-29-2
アピナ姫路店,兵庫県姫路市東郷町１４５４−３姫路リオス２階
遊楽舎　姫路花田店,兵庫県姫路市花田町上原田２−１ビッグエムワン2F
ラウンドワン姫路飾磨店,兵庫県姫路市飾磨区中島１−２５４
ジーパラ姫路,兵庫県姫路市飾磨区加茂２０３−１
namcoイオンモール姫路リバーシティー,兵庫県姫路市飾磨区細江2560イオンモール姫路RC2F
クラブセガ姫路ＯＳ,兵庫県姫路市駅前町254姫路OSビルB1F
タイトーＦステーション姫路,兵庫県姫路市駅前町２６９・２７０番地
セガつかしん,兵庫県尼崎市塚口本町4-8-1つかしん内
セガあまがさきキューズモール,兵庫県尼崎市潮江1-3-1あまがさきキューズモール内4F
ラウンドワンＪＲ尼崎駅前店,兵庫県尼崎市潮江１−４−５プラストいきいき館４階
西友川西ゲームパーク,兵庫県川西市栄町１６−８
ゲームアイビス太子店,兵庫県揖保郡太子町太田2149
セガ明石,兵庫県明石市魚住町清水2464-1
アミューズアイランド和田山,兵庫県朝来市和田山町枚田岡774番地イオン和田山店1F
タイトーＦステーション三宮 西館店,兵庫県神戸市中央区三宮町２丁目１１−１センタープラザ西館
ラウンドワン三宮駅前店,兵庫県神戸市中央区小野柄通6-1-17
セガ神戸ｕｍｉｅモザイク,兵庫県神戸市中央区東川崎1-6-1神戸モザイク3F
セガ神戸ｕｍｉｅサウスモール,兵庫県神戸市中央区東川崎町1-7-2ダイヤニッセイビル4F
遊スペース マジカル,兵庫県神戸市中央区琴ノ緒町５−２−３
三宮サンクス,兵庫県神戸市中央区琴ﾉ緒町5-4-5高架下４０４〜４０７
ラウンドワン新開地店,兵庫県神戸市兵庫区新開地２−３−４
楽市楽座イオンモール神戸北店,兵庫県神戸市北区上津台８−１−１
アミパラ垂水店,兵庫県神戸市垂水区名谷町字室山１４００−１８
セガフェニックスプラザ摩耶,兵庫県神戸市灘区味泥町6-1フェニックスプラザ1F
遊スペース アローズ,兵庫県神戸市西区丸塚２丁目９−１８
トップラン,兵庫県神戸市西区岩岡町古郷1474-1
プレイステーションネーブル西宮店,兵庫県西宮市両度町6-10
セガコロワ甲子園,兵庫県西宮市甲子園高潮町3−3Crowa甲子園3F
ｎａｍｃｏ豊岡店,兵庫県豊岡市中陰字大工６１７
ジョイプラザ豊岡店,兵庫県豊岡市加広町７−３２コープデイズ豊岡内
楽市楽座　イオンモール大和郡山店,奈良県大和郡山市下三橋町741-333イオンモール大和郡山店
ｎａｍｃｏトナリエ大和高田店,奈良県大和高田市幸町３−１８トナリエ大和高田店３Ｆ
アミューズメントＣＵＥ奈良大和高田店,奈良県大和高田市東中２−１１−１６
アミューズメントＣＵＥ奈良三条店,奈良県奈良市三条町478-1
ラウンドワンスタジアム奈良・ミナーラ店,奈良県奈良市二条大路南１−３−１ミ・ナーラ５階
キッズサーカス奈良柏木店,奈良県奈良市柏木町４５６−１
アミパラ橿原店,奈良県橿原市十市町1222-1ツインゲート橿原１F
SOYUGameField奈良橿原店,奈良県橿原市曲川町7-20-1　イオンモール橿原3F
AMパークイオンモール奈良登美ヶ丘店,奈良県生駒市鹿畑町３０２７イオンモール専門店街３階
ユーズランド和歌山店,和歌山県和歌山市中字楠谷５７３イオンモール和歌山２Ｆ
プレイランドサーカス太田店,和歌山県和歌山市太田１−５−２８
ラウンドワン和歌山店,和歌山県和歌山市小雑賀７３９−３
紀ノ川ボウル,和歌山県岩出市西国分656-1
セガワールド米子,鳥取県米子市両三柳2778-2
アミパラがいな店,鳥取県米子市日ノ出町１−８−１３
アミパラ日吉津店,鳥取県西伯郡日吉津村日吉津１１６０−１イオン日吉津モール西館2F
ＰＡＬＯ鳥取店,鳥取県鳥取市天神町1　2F
セガ鳥取,鳥取県鳥取市安長416
アミパラ鳥取店,鳥取県鳥取市晩稲348イオンモール鳥取北２Ｆ
ｙｏｕｍｅ　ＣＩＲＣＵＳ出雲店,島根県出雲市大塚町６５０−１ゆめタウン出雲店　東館３Ｆ
ジーパラ出雲,島根県出雲市渡橋町７８４−１
セガ松江,島根県松江市嫁島町12-15
ＰＡＬＯ松江,島根県松江市東朝日町１５１　イオン松江店ＳＣ３Ｆ
アミパラ松江店,島根県松江市東朝日町２０３−１
ピノッキースパティオ益田店,島根県益田市高津7丁目21-12ゆめタウン益田店2F
プレビ　天満屋ハピータウン児島店,岡山県倉敷市児島駅前２−３５天満屋ハッピータウン児島店３F
ファンタジスタ,岡山県倉敷市新倉敷駅前５−１９４
ふぇすたらんど倉敷マスカット店,岡山県倉敷市松島１１６３−２山陽マルナカマスカット店別館３Ｆ
ユーズランド倉敷店,岡山県倉敷市水江１番地イオンモール倉敷２Ｆ
タイトーＦステーションマルナカ新倉敷店,岡山県倉敷市玉島爪崎９８１−１
セガ倉敷,岡山県倉敷市西中新田535-2
アミパラ倉敷店,岡山県倉敷市西中新田624-1アミパラボウル1F
アミューズメントプレイス・ギミック・セガ,岡山県岡山市中区藤崎599-12
ふぇすたらんど高屋店,岡山県岡山市中区高屋36-1
ゲームアイビス岡山店,岡山県岡山市中区高屋３０８−１
セガイオンモール岡山,岡山県岡山市北区下石井1-2-1ｲｵﾝﾓｰﾙ岡山6F　
モーリーファンタジーｆ 岡山,岡山県岡山市北区下石井１丁目２番１号　イオンモール岡山４Ｆ
岡山ヤングボウル,岡山県岡山市北区北長瀬表町3-3-20
アミパラテクノランド店,岡山県岡山市北区大和町１−７−１２
プレビエブリイｏｋａｎａｋａ津高店,岡山県岡山市北区横井上８３番３号エブリイOkanaka津高店内４階
アミパラ岡山店,岡山県岡山市北区青江１丁目１３−８
スターダスト,岡山県岡山市北区駅前町１−７
ラウンドワン岡山妹尾店,岡山県岡山市南区妹尾３４１３−１
ふぇすたらんど平島店,岡山県岡山市東区東平島1609
プレビ　天満屋ハピータウン岡南店,岡山県岡山市築港新町１−１８−５天満屋ハッピータウン岡南３F
アミパラ津山店,岡山県津山市河辺１０００−１イオンモール津山２Ｆ
アミューズメントビートル２,広島県三次市南畑敷町６０３−３
シネパーク広店,広島県呉市広中町1-9
ふぇすたらんど広店,広島県呉市広本町２丁目１７−１　イオン広店４Ｆ
namcoイオンモール広島府中,広島県安芸郡府中町大須2-1-1イオンモール広島府中3階
セガ海田,広島県安芸郡海田町南大正町3-35
セガ尾道,広島県尾道市新浜1-2-13
ビバーチャ,広島県広島市中区南竹屋町１０−１７
タイトーステーション 広島本通店,広島県広島市中区本通３−５せらかぐ本通ビル
セガ広島本通,広島県広島市中区本通９−３０ランドマークビル１Ｆ
ラウンドワン広島店,広島県広島市中区立町３−１１
タイトーステーション 広島紙屋町店,広島県広島市中区紙屋町２−２−２１
ふぇすたらんど五日市店,広島県広島市佐伯区八幡１−２４−１７サンリブ五日市店２Ｆ
プラサカプコン広島店,広島県広島市佐伯区石内東４丁目１−１ジアウトレット広島
セガワールド宇品,広島県広島市南区宇品西3-4フタバ図書GIGA宇品店内
ＧＩＧＡ　ＺＯＮＥ,広島県広島市南区松原町２−２２
楽市楽座広島店,広島県広島市南区段原南１−３−５２広島段原ＳＣ７階７００１
ふぇすたらんど可部,広島県広島市安佐北区可部7-4-13マルナカ可部店内
セガワールドＭＥＧＡ,広島県広島市安佐南区中筋4-11-7
セガワールド大町,広島県広島市安佐南区大町東3-27-4
ブラックジャックアクア店,広島県広島市安佐南区大町東４−１２−１１
モーリーファンタジーf広島祇園,広島県広島市安佐南区祇園３−２−１　イオン広島祇園ＳＣ３Ｆ
セガＬＥＣＴ広島,広島県広島市西区扇町2-1-45LECT2F
フタバ図書アルティランド,広島県広島市西区草津南４−７−１　アルパーク北棟２Ｆ
アミパラ広島店,広島県広島市西区西観音町3-17
namcoゆめタウン廿日市店,広島県廿日市市下平良2-2-1ゆめタウン廿日市店3F
スペースV1廿日市店,広島県廿日市市本町４−２３
アミパラここじゃ店,広島県東広島市西条町下見６−１０−１９
ブラックジャック東広島店,広島県東広島市西条町御薗宇6120
あみぱらんど福山店,広島県福山市三吉町南２−８−２４
ゲームパーク,広島県福山市南手城町４−２４−２０
ラウンドワン福山店,広島県福山市明神町１−９−２８
アミパラキャッスル店,広島県福山市東深津町4-16-25福山キャッスルボウル1F
アミューズメントパークＭＧジアス,広島県福山市柳津町１−７−６０
セガワールド福山,広島県福山市瀬戸町大字山北300
アミパラ神辺店,広島県福山市神辺町大字新道上字１−２−１
アミュージアム周南店,山口県下松市中央町21-3THEMALL周南3F
ゆめシティ　ゆめパーク,山口県下関市伊倉新町３−１−１
ラウンドワン下関店,山口県下関市東大和町１−３−１５
アミパラ下関店,山口県下関市長府才川１−４２−４８
アミパラ周南久米店,山口県周南市大字久米２８３４　イオンタウン周南久米
ＳＰＥＥＤ,山口県周南市大字久米３２１９
フレスパランドカッタの湯,山口県宇部市海南町1675
アレックス,山口県宇部市西宇部南３−５−５３
タイトーＦステーション山口メルクス店,山口県山口市大字黒川８２−１ハイパーモールメルクス内
セガ小郡,山口県山口市小郡前田町3-6ロックタウン
THE 3RD PLANET 山口店,山口県山口市湯田温泉6-8-3
ギガゾーン岩国店,山口県岩国市室の木町１−５−５
アミューズメントハウスケイズ,山口県岩国市麻里布町2丁目5-17
GAME・パフェ萩,山口県萩市大字椿東3000-5
ＰＡＬＯ防府,山口県防府市中央町１−３イオン防府店３Ｆ
ソユーファミリーゲームフィールド防府店,山口県防府市鐘紡町７−１イオンタウン防府1F
ネオブラボー,山口県防府市高倉１−３−３０
ＰＡＬＯ小松島,徳島県小松島市小松島町字領田２０番地　ショッピングプラザルピア
ラウンドワン徳島・万代店,徳島県徳島市万代町４−１９−１
セガ徳島スエヒロボウル,徳島県徳島市南末広町4-95-2
アポロゲームセンター沖洲店,徳島県徳島市南沖洲１−９３
アミューズメントパフェパレパレ田宮店,徳島県徳島市南田宮２−２−４６
タイトーステーション フジグラン北島店,徳島県板野郡北島町鯛浜字西ノ須１７４
ｎａｍｃｏゆめタウン徳島,徳島県板野郡藍住町奥野字東中須88-1ゆめタウン徳島2階
セガ丸亀,香川県丸亀市蓬莱町56-1
アミパラ丸亀店,香川県丸亀市飯野町西分字川縁甲５８４−１　ハローズ棟内
マックスプラザ善通寺,香川県善通寺市中村町１７９８−２
チッキッズ　イオン坂出店,香川県坂出市京町１−４−１８イオン坂出店１Ｆ
アミューズメントパークＭＧ土庄,香川県小豆郡土庄町字半の池甲１３６０−１０
モーリーファンタジーｆ 綾川,香川県綾歌郡綾川町萱原８２２−１　イオン綾川ＳＣ３Ｆ
ゆめタウン高松店ゆめランド,香川県高松市三条町字中所６０８ー１　ゆめタウン高松店2F
アミュージアム高松店,香川県高松市伏石町2144-9
セガ高松,香川県高松市勅使町535
まるゲ,香川県高松市南新町８−１２
ラウンドワン高松店,香川県高松市松島町２−７−４３
ＳＯＹＵＧａｍｅＦｉｅｌｄ高松,香川県高松市香西本町１−１イオン高松ＳＣ２Ｆ
楽市楽座イオンモール今治店,愛媛県今治市にぎわい広場1-1
タイトーFステーション今治,愛媛県今治市東村１−１４−２今治ワールドプラザ内
ｎａｍｃｏフジグラン今治店,愛媛県今治市東門町５−１３−１フジグラン今治店内２Ｆ
ふぇすたらんど今治店,愛媛県今治市馬越町4-8-1イオン今治店3F
ソユーフォレストハンター松前店,愛媛県伊予郡松前町筒井８５０
アミューズメントパークＭＧ伊予三島,愛媛県四国中央市中之庄町７５−１　アイランド三島内
ふぇすたらんど新居浜店,愛媛県新居浜市上泉町１２−１
プラサカプコン新居浜店,愛媛県新居浜市前田町８−８イオンモール新居浜２Ｆ
ハイテクセガ新居浜,愛媛県新居浜市徳常町6-8
プレイドーム松山,愛媛県松山市余戸南４丁目９−４０
駅前スタジアム３,愛媛県松山市大手町２丁目４−１
アミューズメントパークＭＧ大街道,愛媛県松山市大街道１−４−１７
グラントシティＭＧＩＮＮキスケ,愛媛県松山市宮田町４ キスケボックス内１階
アミューズメントパークＭＧ朝生田,愛媛県松山市朝生田町４−４−３２　第一自動車教習所ビル１階
ラウンドワン松山店,愛媛県松山市東長戸１−３−１０
セガ松山,愛媛県松山市枝松5-7-32
アミパラ松山店,愛媛県松山市生石町６５５−１
タイトーステーション 衣山店,愛媛県松山市衣山１−１８８パルティ・フジ衣山内
バンバン衣山店,愛媛県松山市衣山１−２４８−１
アミューズメントパークＭＧ東予,愛媛県西条市周布７１５−１フジ東予店 別棟
アミューズメントパークＭＧ西条,愛媛県西条市新田字北新田２３５フジグラン西条 別棟
アミパラ高知店,高知県南国市篠原１９４−１
ウェアハウス四万十店,高知県四万十市右山五月町８−１３アピアさつき２F
アミューズメントパークＭＧ須崎,高知県須崎市神田２５００−１マルナカ須崎店内 別棟
ラウンドワン高知店,高知県高知市南宝永町４−１２
えの木,高知県高知市旭町3丁目100-3
チッキッズイオン高知旭町店,高知県高知市旭町３−９４イオン高知旭町店２Ｆ
セガワールドフジグラン,高知県高知市朝倉東町52-15 フジグラン高知3F
プラサカプコン高知店,高知県高知市秦南町１−４−８イオンモール高知２Ｆ
セガアリーナ中間,福岡県中間市上蓮花寺3-1-1
遊道楽新合川店,福岡県久留米市新合川1丁目6-7
楽市街道くるめ店,福岡県久留米市新合川2-7-10久留米アミューズメントビル内
ナムコ　プラボ久留米店,福岡県久留米市新合川１−２−１ゆめタウン久留米２階
楽市楽座210久留米店,福岡県久留米市東合川2-2-1 2階
ユーズボウル久留米,福岡県久留米市東櫛原町字深町１１１０
ふぇすたらんど久留米店,福岡県久留米市野中町1411-1
マンガ倉庫八女店,福岡県八女市吉田１２３
楽市楽座黒崎店,福岡県北九州市八幡西区桜ヶ丘町１−３フレスポ黒崎２階
パスカランド黒崎店,福岡県北九州市八幡西区西曲里町３−１
アミューズメントＭＧＭ陣原,福岡県北九州市八幡西区陣原１−２−１２
Ｇ−ＳＴＡＧＥ小倉,福岡県北九州市小倉北区浅野2-14-5あるあるCITY2階
楽市楽座砂津店,福岡県北九州市小倉北区砂津3-1-1チャチャタウン小倉B棟3F
ラウンドワン小倉店,福岡県北九州市小倉北区西港町15-65
小倉メトロポリス,福岡県北九州市小倉北区西港町２７−５
ペップ魚町,福岡県北九州市小倉北区魚町２−４−２０
Ｇ−ｐａｌａ小倉,福岡県北九州市小倉南区上葛原1−14−1
ハイパーメッセ,福岡県北九州市小倉南区北方4-6-7
ふぇすたらんど古賀店,福岡県古賀市天神2-5-1
パスカランド大川店,福岡県大川市上巻４３０−１ゆめタウン２F
楽市楽座イオンモール大牟田店,福岡県大牟田市岬町３−４
パスカランド大牟田店,福岡県大牟田市旭町２丁目２８−１
大牟田Ｊ−ＧＡＭＥ,福岡県大牟田市旭町３−３−７
ラウンドワン大野城店,福岡県大野城市御笠川１−１８−１６
太宰府Jボウル,福岡県太宰府市都府楼南5-6-12
楽市楽座くりえいと宗像,福岡県宗像市くりえいと１−４−４
楽市楽座イオン小郡店,福岡県小郡市大保字弓場１１０
フタバ図書ＧＩＧＡ春日店,福岡県春日市昇町8-1-1
ふぇすたらんど田川店,福岡県田川市大字川宮1693-1
ゲームセンターみやま,福岡県田川郡香春町大字香春１００３
プラサカプコン直方店,福岡県直方市湯野原２−１−１イオンモール直方２Ｆ
ｎａｍｃｏマークイズ福岡ももち店,福岡県福岡市中央区地行浜２−２−１マークイズ福岡ももち店４Ｆ
ラウンドワン福岡天神店,福岡県福岡市中央区天神２−６−１２
タイトーステーション 福岡天神店,福岡県福岡市中央区天神２−６−３５サザンクロスビル
セガ福岡天神,福岡県福岡市中央区天神２−７−６ＤＡＤＡビル
ラウンドワン博多半道橋店,福岡県福岡市博多区半道橋２−２−８
タイトーFステーションヨドバシ博多店,福岡県福岡市博多区博多駅中央街6-12ヨドバシカメラ4Ｆ
ｎａｍｃｏ博多バスターミナル店,福岡県福岡市博多区博多駅中央街２−１博多バスターミナル７階
ジーパラ博多,福岡県福岡市博多区東光寺町２丁目６番４０号ｺﾏｰｼｬﾙﾓｰﾙ博多２階
遊遊パークフォレオ博多店,福岡県福岡市博多区東那珂１−１４−４６フォレオ博多２F
ゲームランドグリーン,福岡県福岡市博多区竹下1-3-12
Ｇ−ＳＴＡＧＥ七隈店,福岡県福岡市城南区七隈８−４−８
フタバ図書ギガ福大前店ソフトピア,福岡県福岡市城南区片江５−５１−１６
G-COM和白店,福岡県福岡市東区和白3-27-69
ｎａｍｃｏゆめタウン博多店,福岡県福岡市東区東浜1-1-1ゆめタウン博多店内２階
楽市街道箱崎店,福岡県福岡市東区箱崎５丁目１番８号
楽市楽座イオンモール福岡伊都店,福岡県福岡市西区北原1-3-1イオンモール福岡伊都SC別館
パスカランド福重店,福岡県福岡市西区拾六町１丁目７番１号ＭＥＧＡドンキ福重店３Ｆ
楽市楽座イオンモール福津店,福岡県福津市日蒔野６−１６−１　イオンモール福津店３Ｆ
楽市楽座イオンモール筑紫野店,福岡県筑紫野市立明寺４３４−１イオンモール筑紫野店３階
楽市楽座２１０トリアス店,福岡県糟屋郡久山町大字山田９９０
ブックエコ新宮店,福岡県糟屋郡新宮町新宮東４−１０−１
サンゲームス新宮店,福岡県糟屋郡新宮町美咲3-1-40新宮ドーム1F
最後の５ドル,福岡県糟屋郡粕屋町大字仲原2706仲原ファミリープラザ2F
楽市楽座イオンモール福岡店,福岡県糟屋郡粕屋町大字酒殿字老ノ木１９２−１ 2F
楽市楽座行橋店,福岡県行橋市西泉６−１−１
Ｇ−ＳＴＡＧＥ飯塚店,福岡県飯塚市枝国６８０−２
ゲームウィズダム,福岡県飯塚市柏の森162-3
ジャンボパンチ希林,福岡県飯塚市秋松947
ソニックワールド伊万里店,佐賀県伊万里市二里町八谷搦１８９−３
ｎａｍｃｏゆめタウン佐賀店,佐賀県佐賀市兵庫北5-14-1ゆめタウン佐賀２階
ラウンドワン佐賀店,佐賀県佐賀市兵庫北４−２−１
遊道楽嘉瀬店,佐賀県佐賀市嘉瀬町中原２４８８−１
ｎａｍｃｏモラージュ佐賀店,佐賀県佐賀市巨勢町大字牛島７３０モラージュ佐賀南館１Ｆ
ＦＡＳボウリングセンター,佐賀県唐津市栄町２５８１−１ＦＡＳボウリングセンター
セガ武雄,佐賀県武雄市武雄町富岡12517-1
ファンタジーランド五島,長崎県五島市吉久木町７３１番地
アミパラ佐世保店,長崎県佐世保市大塔町１８−１５
サンゲームス佐世保店,長崎県佐世保市田原町38-1
三冠王バッティングセンター,長崎県佐世保市相浦町２６８９−１
ソニックワールド大村店,長崎県大村市古賀島町３８３−１
セガワールドサンスパおおむら,長崎県大村市森園町663-3
遊道楽時津店,長崎県西彼杵郡時津町元村郷８６３−１０
Ｇ−ｐａｌａ時津,長崎県西彼杵郡時津町野田郷５９号
ハイテクセガもみの木村,長崎県諫早市小川町90-1
ソニックワールド諫早店,長崎県諫早市永昌町17-62
楽市楽座　諫早店,長崎県諫早市長野町１０８６−１７
namcoゆめタウン夢彩都,長崎県長崎市元船町１０−１夢彩都（ゆめさいと）４Ｆ
G-stage浜町,長崎県長崎市浜町2-26
セガみらい長崎ココウォーク,長崎県長崎市茂里町1-55みらい長崎ココウォーク5F
ＦＥＳＴＡ人吉店,熊本県人吉市宝来町１３０７−１ＨＩＴＯＹＯＳＨＩ−ＲＥＸ内
リッチモンド,熊本県八代市旭中央通２０−３
マンガ倉庫八代店,熊本県八代市沖町３９８９−１
宇土パスカワールド,熊本県宇土市善道寺町綾織９５
楽市楽座小川店,熊本県宇城市小川町河江１−１
ＦＥＳＴＡ山鹿店,熊本県山鹿市方保田字鳥越3468-1
スポラ九品寺,熊本県熊本市中央区九品寺5丁目10-15
ｎａｍｃｏワンダーシティ南熊本店,熊本県熊本市中央区九品寺６−９−１
ＴＨＥ３ＲＤＰＬＡＮＥＴ下通り店,熊本県熊本市中央区手取本町４番１２号
namcoサクラマチクマモト店,熊本県熊本市中央区桜町3-13-14
パスカランドはません,熊本県熊本市南区田井島1-2-1ゆめタウンはません3F
サンゲームス熊本インタープラザ,熊本県熊本市東区御領8-4-82
パスカランド長嶺,熊本県熊本市東区長嶺西1-5-1　シュロアモール長嶺店内
ラウンドワン熊本店,熊本県熊本市西区春日7-25-15
ピノキオランド玉名,熊本県玉名市亀甲字前田110カリーノ玉名店2F
パスカワールドグリーンランド店,熊本県荒尾市本井手１５７４−５４
ｎａｍｃｏゆめタウン光の森店,熊本県菊池郡菊陽町光の森7-39-1ゆめﾀｳﾝ光の森南館3階
スポラ菊陽,熊本県菊池郡菊陽町津久礼駄飼代２６１７−２
ユーズランド三光店,大分県中津市三光佐知1032イオンモール三光2F
トライセン中津店,大分県中津市下池永６７−３
セガワールド中津,大分県中津市沖代町1-2-16
ＦＥＳＴＡコスモタウン佐伯店,大分県佐伯市鶴岡西町２丁目１６３番地 コスモタウン佐伯内
タイトーＦステーションゆめタウン別府店,大分県別府市楠町３８２−７
ハイテクランドセガハーバープレイス,大分県別府市餅ヶ浜町161-2
タイトーＦステーションセントポルタ大分店,大分県大分市中央町２−１−１
プラサカプコン大分店,大分県大分市公園通り西２−１パークプレイス大分２Ｆ
ＦＥＳＴＡフリーモールわさだ店,大分県大分市大字木上字鉾手２１０２番地
ナムコランドわさだ店,大分県大分市大字玉沢字楠本７５５−１トキハわさだタウン内２Ｆ
フリッパーズクラブ 新館,大分県大分市片島字上川原148-1
セガワールド高城,大分県大分市牧1-161-8
スプロール稙田店,大分県大分市玉沢小柳６８８−１
ラウンドワン大分店,大分県大分市萩原２−１３−１７
トライセン萩原,大分県大分市萩原４−２２７−７
タイトー アミュプラザおおいた店,大分県大分市要町１−１４アミュプラザおおいた４Ｆ
Ｇ−ｐａｌａ日田,大分県日田市友田997-1
ラウンドワン宮崎店,宮崎県宮崎市中村東３−４−６０
楽市楽座イオンモール宮崎店,宮崎県宮崎市新別府町江口８６２−１イオンモール宮崎店２Ｆ
マンガ倉庫加納店,宮崎県宮崎市清武町加納乙２４０
ゲームマインズ,宮崎県宮崎市高千穂通1-3-22エースランド2F
セガ延岡,宮崎県延岡市平原町5-1492-8
ピノキオランド日南,宮崎県日南市材木町１ＳＣ日南２Ｆ
サンゲームス都城北店,宮崎県都城市上川東4-5997-4
マンガ倉庫都城店,宮崎県都城市吉尾町８４０
楽市楽座イオンモール都城駅前店,宮崎県都城市栄町４６７２−５ｲｵﾝﾓｰﾙ都城駅前店2階
タイトーＦステーションニシムタ出水店,鹿児島県出水市六月田町３４７番地
楽市楽座イオンタウン姶良店,鹿児島県姶良市東餅田336
サンゲームス鹿屋店,鹿児島県肝属郡肝付町富山1008番地5
ＡｍｕｓｅｍｅｎｔｃｉｔｙＧ−ＳＴＡ,鹿児島県薩摩川内市向田本町４９番
THE 3RD PLANET 隼人店,鹿児島県霧島市隼人町見次４２７−１
THE 3RD PLANET ジャングルパーク鹿児島店,鹿児島県鹿児島市与次郎1-11-1フレスポジャングルパーク2F
タイトーアミュプラザ鹿児島店,鹿児島県鹿児島市中央町１−１アミュプラザ鹿児島５Ｆ
サンゲームス天文館店,鹿児島県鹿児島市千日町5-6
ラウンドワン鹿児島宇宿店,鹿児島県鹿児島市宇宿2-2-2
マンガ倉庫鹿児島店,鹿児島県鹿児島市小松原1-6-7
ゲームセンター電撃ベイサイド,鹿児島県鹿児島市浜町2-2
サンアミューズ鹿屋店,鹿児島県鹿屋市札元2丁目3798-1
ｎａｍｃｏイオン具志川店,沖縄県うるま市字前原幸崎原３０３イオン具志川ＳＣ内２Ｆ
楽市楽座イオンモール沖縄ライカム店,沖縄県中頭郡北中城村字沖縄ﾗｲｶﾑ1ｲｵﾝﾓｰﾙ沖縄ﾗｲｶﾑ4階
クラブセガ北谷,沖縄県中頭郡北谷町美浜9-8
ジョイジャングル美浜,沖縄県中頭郡北谷町美浜１５−６８
ナムコランドイオンタウン読谷ＳＣ店,沖縄県中頭郡読谷村古堅７４０イオンタウン読谷ＳＣ内
ラウンドワン沖縄・宜野湾店,沖縄県宜野湾市真志喜３−２８−８
ラウンドワン沖縄・南風原店,沖縄県島尻郡南風原町字兼城５５２番地
マンガ倉庫浦添店,沖縄県浦添市城間2689
ゲームランドジョイジャングルｉｎとみとん,沖縄県豊見城市字豊崎1-411豊崎ﾗｲﾌｽﾀｲﾙｾﾝﾀｰTOMITON2階
ｎａｍｃｏ那覇メインプレイス店,沖縄県那覇市おもろまち4-4-9サンエー那覇メインプレイス２Ｆ
モーリーファンタジー那覇,沖縄県那覇市金城５−１０−２　イオン那覇店３F
